sample_id,id,storage_condition,reactor,filtered,RNase_treated,time_point,dilution_factor,target,task,CT,plate_id,Exp_loc,experiment,experiment_manuscript_label
extraction_intpos_Matrix-N-C8-1x,extraction_intposOL_Matrix,NA,NA,NA,N,C8,1,ORF,UNKNOWN,24.24883,P81,CDC_collab,extraction_control_1234,control
extraction_intpos_Matrix-Y-C8-1x,extraction_intposOL_Matrix,NA,NA,NA,Y,C8,1,ORF,UNKNOWN,24.58204,P81,CDC_collab,extraction_control_1234,control
20A1F-N-T0-1x,20A1F,20,A1,F,N,T0,1,ORF,UNKNOWN,22.79911,P81,CDC_collab,3,20-1
20A1F-N-T0-1x,20A1F,20,A1,F,N,T0,1,ORF,UNKNOWN,22.72155,P81,CDC_collab,3,20-1
20A1F-N-T0-5x,20A1F,20,A1,F,N,T0,5,ORF,UNKNOWN,24.8375,P81,CDC_collab,3,20-1
20A1F-N-T0-5x,20A1F,20,A1,F,N,T0,5,ORF,UNKNOWN,24.86865,P81,CDC_collab,3,20-1
extraction_neg-N-C8-1x,extraction_neg,NA,NA,NA,N,C8,1,ORF,UNKNOWN,Undetermined,P81,CDC_collab,extraction_control_1234,control
extraction_neg-Y-C8-1x,extraction_neg,NA,NA,NA,Y,C8,1,ORF,UNKNOWN,Undetermined,P81,CDC_collab,extraction_control_1234,control
20A1F-N-T1-1x,20A1F,20,A1,F,N,T1,1,ORF,UNKNOWN,24.22318,P81,CDC_collab,3,20-1
20A1F-N-T1-1x,20A1F,20,A1,F,N,T1,1,ORF,UNKNOWN,23.98287,P81,CDC_collab,3,20-1
20A1F-N-T1-5x,20A1F,20,A1,F,N,T1,5,ORF,UNKNOWN,26.25869,P81,CDC_collab,3,20-1
20A1F-N-T1-5x,20A1F,20,A1,F,N,T1,5,ORF,UNKNOWN,26.32599,P81,CDC_collab,3,20-1
extraction_RNApos_Matrix-N-C8-1x,extraction_RNAposOL_Matrix,NA,NA,NA,N,C8,1,ORF,UNKNOWN,31.66531,P81,CDC_collab,extraction_control_1234,control
extraction_RNApos_Matrix-N-C8-1x,extraction_RNAposOL_Matrix,NA,NA,NA,N,C8,1,ORF,UNKNOWN,31.94282,P81,CDC_collab,extraction_control_1234,control
20A1F-N-T7-1x,20A1F,20,A1,F,N,T7,1,ORF,UNKNOWN,24.32659,P81,CDC_collab,3,20-1
20A1F-N-T7-1x,20A1F,20,A1,F,N,T7,1,ORF,UNKNOWN,24.19331,P81,CDC_collab,3,20-1
20A1F-N-T7-5x,20A1F,20,A1,F,N,T7,5,ORF,UNKNOWN,26.36684,P81,CDC_collab,3,20-1
20A1F-N-T7-5x,20A1F,20,A1,F,N,T7,5,ORF,UNKNOWN,26.28769,P81,CDC_collab,3,20-1
20A3F-Y-T0-5x,20A3F,20,A3,F,Y,T0,5,ORF,UNKNOWN,25.59127,P81,CDC_collab,4,20-2
extraction_RNApos_Matrix-Y-C8-1x,extraction_RNAposOL_Matrix,NA,NA,NA,Y,C8,1,ORF,UNKNOWN,Undetermined,P81,CDC_collab,extraction_control_1234,control
extraction_RNApos_Matrix-Y-C8-1x,extraction_RNAposOL_Matrix,NA,NA,NA,Y,C8,1,ORF,UNKNOWN,Undetermined,P81,CDC_collab,extraction_control_1234,control
20A3F-N-T0-1x,20A3F,20,A3,F,N,T0,1,ORF,UNKNOWN,23.70156,P81,CDC_collab,4,20-2
20A3F-N-T0-1x,20A3F,20,A3,F,N,T0,1,ORF,UNKNOWN,23.53594,P81,CDC_collab,4,20-2
20A3F-N-T0-5x,20A3F,20,A3,F,N,T0,5,ORF,UNKNOWN,25.69609,P81,CDC_collab,4,20-2
20A3F-N-T0-5x,20A3F,20,A3,F,N,T0,5,ORF,UNKNOWN,25.67124,P81,CDC_collab,4,20-2
20A3F-Y-T0-1x,20A3F,20,A3,F,Y,T0,1,ORF,UNKNOWN,23.18077,P81,CDC_collab,4,20-2
20A3F-Y-T0-1x,20A3F,20,A3,F,Y,T0,1,ORF,UNKNOWN,23.13342,P81,CDC_collab,4,20-2
20A3F-Y-T0-5x,20A3F,20,A3,F,Y,T0,5,ORF,UNKNOWN,25.47795,P81,CDC_collab,4,20-2
20A3F-Y-T1-5x,20A3F,20,A3,F,Y,T1,5,ORF,UNKNOWN,25.66515,P81,CDC_collab,4,20-2
20A3F-N-T28-1x,20A3F,20,A3,F,N,T28,1,ORF,UNKNOWN,23.73573,P81,CDC_collab,4,20-2
20A3F-N-T28-1x,20A3F,20,A3,F,N,T28,1,ORF,UNKNOWN,23.72138,P81,CDC_collab,4,20-2
20A3F-N-T1-1x,20A3F,20,A3,F,N,T1,1,ORF,UNKNOWN,24.75468,P81,CDC_collab,4,20-2
20A3F-N-T1-1x,20A3F,20,A3,F,N,T1,1,ORF,UNKNOWN,24.35776,P81,CDC_collab,4,20-2
20A3F-N-T1-5x,20A3F,20,A3,F,N,T1,5,ORF,UNKNOWN,26.85962,P81,CDC_collab,4,20-2
20A3F-N-T1-5x,20A3F,20,A3,F,N,T1,5,ORF,UNKNOWN,26.70793,P81,CDC_collab,4,20-2
20A3F-Y-T1-1x,20A3F,20,A3,F,Y,T1,1,ORF,UNKNOWN,23.21571,P81,CDC_collab,4,20-2
20A3F-Y-T1-1x,20A3F,20,A3,F,Y,T1,1,ORF,UNKNOWN,23.37447,P81,CDC_collab,4,20-2
20A3F-Y-T1-5x,20A3F,20,A3,F,Y,T1,5,ORF,UNKNOWN,25.70503,P81,CDC_collab,4,20-2
20A3F-Y-T7-5x,20A3F,20,A3,F,Y,T7,5,ORF,UNKNOWN,25.71465,P81,CDC_collab,4,20-2
20A3F-Y-T28-1x,20A3F,20,A3,F,Y,T28,1,ORF,UNKNOWN,23.33628,P81,CDC_collab,4,20-2
20A3F-Y-T28-1x,20A3F,20,A3,F,Y,T28,1,ORF,UNKNOWN,23.32335,P81,CDC_collab,4,20-2
20A3F-N-T7-1x,20A3F,20,A3,F,N,T7,1,ORF,UNKNOWN,24.44489,P81,CDC_collab,4,20-2
20A3F-N-T7-1x,20A3F,20,A3,F,N,T7,1,ORF,UNKNOWN,24.46168,P81,CDC_collab,4,20-2
20A3F-N-T7-5x,20A3F,20,A3,F,N,T7,5,ORF,UNKNOWN,26.79489,P81,CDC_collab,4,20-2
20A3F-N-T7-5x,20A3F,20,A3,F,N,T7,5,ORF,UNKNOWN,26.66964,P81,CDC_collab,4,20-2
20A3F-Y-T7-1x,20A3F,20,A3,F,Y,T7,1,ORF,UNKNOWN,23.50057,P81,CDC_collab,4,20-2
20A3F-Y-T7-1x,20A3F,20,A3,F,Y,T7,1,ORF,UNKNOWN,23.53377,P81,CDC_collab,4,20-2
20A3F-Y-T7-5x,20A3F,20,A3,F,Y,T7,5,ORF,UNKNOWN,25.70053,P81,CDC_collab,4,20-2
20A3F-Y-T14-5x,20A3F,20,A3,F,Y,T14,5,ORF,UNKNOWN,26.18674,P81,CDC_collab,4,20-2
20A3F-N-T28-5x,20A3F,20,A3,F,N,T28,5,ORF,UNKNOWN,25.86308,P81,CDC_collab,4,20-2
20A3F-N-T28-5x,20A3F,20,A3,F,N,T28,5,ORF,UNKNOWN,25.99462,P81,CDC_collab,4,20-2
20A3F-N-T14-1x,20A3F,20,A3,F,N,T14,1,ORF,UNKNOWN,24.88855,P81,CDC_collab,4,20-2
20A3F-N-T14-1x,20A3F,20,A3,F,N,T14,1,ORF,UNKNOWN,24.85074,P81,CDC_collab,4,20-2
20A3F-N-T14-5x,20A3F,20,A3,F,N,T14,5,ORF,UNKNOWN,27.00627,P81,CDC_collab,4,20-2
20A3F-N-T14-5x,20A3F,20,A3,F,N,T14,5,ORF,UNKNOWN,26.7147,P81,CDC_collab,4,20-2
20A3F-Y-T14-1x,20A3F,20,A3,F,Y,T14,1,ORF,UNKNOWN,23.85001,P81,CDC_collab,4,20-2
20A3F-Y-T14-1x,20A3F,20,A3,F,Y,T14,1,ORF,UNKNOWN,23.84839,P81,CDC_collab,4,20-2
20A3F-Y-T14-5x,20A3F,20,A3,F,Y,T14,5,ORF,UNKNOWN,26.40225,P81,CDC_collab,4,20-2
NA,NA,NA,NA,NA,NA,NA,NA,ORF,NTC,Undetermined,P81,CDC_collab,extraction_control_1234,control
20A3F-Y-T21-5x,20A3F,20,A3,F,Y,T21,5,ORF,UNKNOWN,27.66949,P81,CDC_collab,4,20-2
20A3F-Y-T28-5x,20A3F,20,A3,F,Y,T28,5,ORF,UNKNOWN,25.5212,P81,CDC_collab,4,20-2
20A3F-Y-T28-5x,20A3F,20,A3,F,Y,T28,5,ORF,UNKNOWN,28.35337,P81,CDC_collab,4,20-2
NA,NA,NA,NA,NA,NA,NA,NA,ORF,NTC,Undetermined,P81,CDC_collab,extraction_control_1234,control
20A3F-N-T21-1x,20A3F,20,A3,F,N,T21,1,ORF,UNKNOWN,24.00735,P81,CDC_collab,4,20-2
20A3F-N-T21-1x,20A3F,20,A3,F,N,T21,1,ORF,UNKNOWN,23.93948,P81,CDC_collab,4,20-2
20A3F-N-T21-5x,20A3F,20,A3,F,N,T21,5,ORF,UNKNOWN,26.5169,P81,CDC_collab,4,20-2
20A3F-N-T21-5x,20A3F,20,A3,F,N,T21,5,ORF,UNKNOWN,26.38212,P81,CDC_collab,4,20-2
20A3F-Y-T21-1x,20A3F,20,A3,F,Y,T21,1,ORF,UNKNOWN,23.12378,P81,CDC_collab,4,20-2
20A3F-Y-T21-1x,20A3F,20,A3,F,Y,T21,1,ORF,UNKNOWN,23.13863,P81,CDC_collab,4,20-2
20A3F-Y-T21-5x,20A3F,20,A3,F,Y,T21,5,ORF,UNKNOWN,25.68372,P81,CDC_collab,4,20-2
extraction_intpos_Matrix-N-C9-1x,extraction_intposOL_Matrix,NA,NA,NA,N,C9,1,ORF,UNKNOWN,23.71562,P82,CDC_collab,extraction_control_1234,control
extraction_intpos_Matrix-Y-C9-1x,extraction_intposOL_Matrix,NA,NA,NA,Y,C9,1,ORF,UNKNOWN,24.13634,P82,CDC_collab,extraction_control_1234,control
20A2F-N-T0-1x,20A2F,20,A2,F,N,T0,1,ORF,UNKNOWN,23.56622,P82,CDC_collab,3,20-1
20A2F-N-T0-1x,20A2F,20,A2,F,N,T0,1,ORF,UNKNOWN,23.43976,P82,CDC_collab,3,20-1
20A2F-N-T0-5x,20A2F,20,A2,F,N,T0,5,ORF,UNKNOWN,26.88196,P82,CDC_collab,3,20-1
20A2F-N-T0-5x,20A2F,20,A2,F,N,T0,5,ORF,UNKNOWN,26.74854,P82,CDC_collab,3,20-1
extraction_neg-N-C9-1x,extraction_neg,NA,NA,NA,N,C9,1,ORF,UNKNOWN,Undetermined,P82,CDC_collab,extraction_control_1234,control
extraction_neg-Y-C9-1x,extraction_neg,NA,NA,NA,Y,C9,1,ORF,UNKNOWN,Undetermined,P82,CDC_collab,extraction_control_1234,control
20A2F-N-T1-1x,20A2F,20,A2,F,N,T1,1,ORF,UNKNOWN,24.85741,P82,CDC_collab,3,20-1
20A2F-N-T1-1x,20A2F,20,A2,F,N,T1,1,ORF,UNKNOWN,24.56385,P82,CDC_collab,3,20-1
20A2F-N-T1-5x,20A2F,20,A2,F,N,T1,5,ORF,UNKNOWN,27.59648,P82,CDC_collab,3,20-1
20A2F-N-T1-5x,20A2F,20,A2,F,N,T1,5,ORF,UNKNOWN,27.49818,P82,CDC_collab,3,20-1
extraction_RNApos_Matrix-N-C9-1x,extraction_RNAposOL_Matrix,NA,NA,NA,N,C9,1,ORF,UNKNOWN,31.2983,P82,CDC_collab,extraction_control_1234,control
extraction_RNApos_Matrix-N-C9-1x,extraction_RNAposOL_Matrix,NA,NA,NA,N,C9,1,ORF,UNKNOWN,30.96932,P82,CDC_collab,extraction_control_1234,control
20A2F-N-T7-1x,20A2F,20,A2,F,N,T7,1,ORF,UNKNOWN,24.30087,P82,CDC_collab,3,20-1
20A2F-N-T7-1x,20A2F,20,A2,F,N,T7,1,ORF,UNKNOWN,23.84279,P82,CDC_collab,3,20-1
20A2F-N-T7-5x,20A2F,20,A2,F,N,T7,5,ORF,UNKNOWN,26.96991,P82,CDC_collab,3,20-1
20A2F-N-T7-5x,20A2F,20,A2,F,N,T7,5,ORF,UNKNOWN,25.96634,P82,CDC_collab,3,20-1
20A4F-Y-T0-5x,20A4F,20,A4,F,Y,T0,5,ORF,UNKNOWN,25.37699,P82,CDC_collab,4,20-2
extraction_RNApos_Matrix-Y-C9-1x,extraction_RNAposOL_Matrix,NA,NA,NA,Y,C9,1,ORF,UNKNOWN,Undetermined,P82,CDC_collab,extraction_control_1234,control
extraction_RNApos_Matrix-Y-C9-1x,extraction_RNAposOL_Matrix,NA,NA,NA,Y,C9,1,ORF,UNKNOWN,Undetermined,P82,CDC_collab,extraction_control_1234,control
20A4F-N-T0-1x,20A4F,20,A4,F,N,T0,1,ORF,UNKNOWN,24.03045,P82,CDC_collab,4,20-2
20A4F-N-T0-1x,20A4F,20,A4,F,N,T0,1,ORF,UNKNOWN,23.95805,P82,CDC_collab,4,20-2
20A4F-N-T0-5x,20A4F,20,A4,F,N,T0,5,ORF,UNKNOWN,26.27809,P82,CDC_collab,4,20-2
20A4F-N-T0-5x,20A4F,20,A4,F,N,T0,5,ORF,UNKNOWN,26.20231,P82,CDC_collab,4,20-2
20A4F-Y-T0-1x,20A4F,20,A4,F,Y,T0,1,ORF,UNKNOWN,23.23975,P82,CDC_collab,4,20-2
20A4F-Y-T0-1x,20A4F,20,A4,F,Y,T0,1,ORF,UNKNOWN,23.26199,P82,CDC_collab,4,20-2
20A4F-Y-T0-5x,20A4F,20,A4,F,Y,T0,5,ORF,UNKNOWN,25.39926,P82,CDC_collab,4,20-2
20A4F-Y-T1-5x,20A4F,20,A4,F,Y,T1,5,ORF,UNKNOWN,31.16429,P82,CDC_collab,4,20-2
20A4F-N-T28-1x,20A4F,20,A4,F,N,T28,1,ORF,UNKNOWN,23.5722,P82,CDC_collab,4,20-2
20A4F-N-T28-1x,20A4F,20,A4,F,N,T28,1,ORF,UNKNOWN,23.57331,P82,CDC_collab,4,20-2
20A4F-N-T1-1x,20A4F,20,A4,F,N,T1,1,ORF,UNKNOWN,23.37392,P82,CDC_collab,4,20-2
20A4F-N-T1-1x,20A4F,20,A4,F,N,T1,1,ORF,UNKNOWN,23.26653,P82,CDC_collab,4,20-2
20A4F-N-T1-5x,20A4F,20,A4,F,N,T1,5,ORF,UNKNOWN,25.6685,P82,CDC_collab,4,20-2
20A4F-N-T1-5x,20A4F,20,A4,F,N,T1,5,ORF,UNKNOWN,25.48754,P82,CDC_collab,4,20-2
20A4F-Y-T1-1x,20A4F,20,A4,F,Y,T1,1,ORF,UNKNOWN,27.93574,P82,CDC_collab,4,20-2
20A4F-Y-T1-1x,20A4F,20,A4,F,Y,T1,1,ORF,UNKNOWN,27.99577,P82,CDC_collab,4,20-2
20A4F-Y-T1-5x,20A4F,20,A4,F,Y,T1,5,ORF,UNKNOWN,30.92414,P82,CDC_collab,4,20-2
20A4F-Y-T7-5x,20A4F,20,A4,F,Y,T7,5,ORF,UNKNOWN,25.38651,P82,CDC_collab,4,20-2
20A4F-Y-T28-1x,20A4F,20,A4,F,Y,T28,1,ORF,UNKNOWN,23.07255,P82,CDC_collab,4,20-2
20A4F-Y-T28-1x,20A4F,20,A4,F,Y,T28,1,ORF,UNKNOWN,22.92954,P82,CDC_collab,4,20-2
20A4F-N-T7-1x,20A4F,20,A4,F,N,T7,1,ORF,UNKNOWN,25.03394,P82,CDC_collab,4,20-2
20A4F-N-T7-1x,20A4F,20,A4,F,N,T7,1,ORF,UNKNOWN,25.1917,P82,CDC_collab,4,20-2
20A4F-N-T7-5x,20A4F,20,A4,F,N,T7,5,ORF,UNKNOWN,27.47533,P82,CDC_collab,4,20-2
20A4F-N-T7-5x,20A4F,20,A4,F,N,T7,5,ORF,UNKNOWN,27.34744,P82,CDC_collab,4,20-2
20A4F-Y-T7-1x,20A4F,20,A4,F,Y,T7,1,ORF,UNKNOWN,23.17308,P82,CDC_collab,4,20-2
20A4F-Y-T7-1x,20A4F,20,A4,F,Y,T7,1,ORF,UNKNOWN,23.12812,P82,CDC_collab,4,20-2
20A4F-Y-T7-5x,20A4F,20,A4,F,Y,T7,5,ORF,UNKNOWN,25.49859,P82,CDC_collab,4,20-2
20A4F-Y-T14-5x,20A4F,20,A4,F,Y,T14,5,ORF,UNKNOWN,26.53062,P82,CDC_collab,4,20-2
20A4F-N-T28-5x,20A4F,20,A4,F,N,T28,5,ORF,UNKNOWN,25.91552,P82,CDC_collab,4,20-2
20A4F-N-T28-5x,20A4F,20,A4,F,N,T28,5,ORF,UNKNOWN,25.76837,P82,CDC_collab,4,20-2
20A4F-N-T14-1x,20A4F,20,A4,F,N,T14,1,ORF,UNKNOWN,29.90659,P82,CDC_collab,4,20-2
20A4F-N-T14-1x,20A4F,20,A4,F,N,T14,1,ORF,UNKNOWN,30.19656,P82,CDC_collab,4,20-2
20A4F-N-T14-5x,20A4F,20,A4,F,N,T14,5,ORF,UNKNOWN,32.23924,P82,CDC_collab,4,20-2
20A4F-N-T14-5x,20A4F,20,A4,F,N,T14,5,ORF,UNKNOWN,32.25713,P82,CDC_collab,4,20-2
20A4F-Y-T14-1x,20A4F,20,A4,F,Y,T14,1,ORF,UNKNOWN,24.34675,P82,CDC_collab,4,20-2
20A4F-Y-T14-1x,20A4F,20,A4,F,Y,T14,1,ORF,UNKNOWN,24.31257,P82,CDC_collab,4,20-2
20A4F-Y-T14-5x,20A4F,20,A4,F,Y,T14,5,ORF,UNKNOWN,26.53305,P82,CDC_collab,4,20-2
NA,NA,NA,NA,NA,NA,NA,NA,ORF,NTC,Undetermined,P82,CDC_collab,extraction_control_1234,control
20A4F-Y-T21-5x,20A4F,20,A4,F,Y,T21,5,ORF,UNKNOWN,26.7282,P82,CDC_collab,4,20-2
20A4F-Y-T28-5x,20A4F,20,A4,F,Y,T28,5,ORF,UNKNOWN,26.91128,P82,CDC_collab,4,20-2
20A4F-Y-T28-5x,20A4F,20,A4,F,Y,T28,5,ORF,UNKNOWN,26.50664,P82,CDC_collab,4,20-2
NA,NA,NA,NA,NA,NA,NA,NA,ORF,NTC,Undetermined,P82,CDC_collab,extraction_control_1234,control
20A4F-N-T21-1x,20A4F,20,A4,F,N,T21,1,ORF,UNKNOWN,25.5795,P82,CDC_collab,4,20-2
20A4F-N-T21-1x,20A4F,20,A4,F,N,T21,1,ORF,UNKNOWN,25.70879,P82,CDC_collab,4,20-2
20A4F-N-T21-5x,20A4F,20,A4,F,N,T21,5,ORF,UNKNOWN,28.4169,P82,CDC_collab,4,20-2
20A4F-N-T21-5x,20A4F,20,A4,F,N,T21,5,ORF,UNKNOWN,28.40199,P82,CDC_collab,4,20-2
20A4F-Y-T21-1x,20A4F,20,A4,F,Y,T21,1,ORF,UNKNOWN,23.19727,P82,CDC_collab,4,20-2
20A4F-Y-T21-1x,20A4F,20,A4,F,Y,T21,1,ORF,UNKNOWN,23.19245,P82,CDC_collab,4,20-2
20A4F-Y-T21-5x,20A4F,20,A4,F,Y,T21,5,ORF,UNKNOWN,26.70208,P82,CDC_collab,4,20-2
extraction_neg-N-C10-1x,extraction_neg,NA,NA,NA,N,C10,1,ORF,UNKNOWN,Undetermined,P83,CDC_collab,extraction_control_1234,control
extraction_neg-N-C10-1x,extraction_neg,NA,NA,NA,N,C10,1,ORF,UNKNOWN,Undetermined,P83,CDC_collab,extraction_control_1234,control
extraction_neg-N-C9-1x,extraction_neg,NA,NA,NA,N,C9,1,ORF,UNKNOWN,Undetermined,P83,CDC_collab,extraction_control_1234,control
extraction_neg-N-C9-1x,extraction_neg,NA,NA,NA,N,C9,1,ORF,UNKNOWN,Undetermined,P83,CDC_collab,extraction_control_1234,control
extraction_neg-N-C8-1x,extraction_neg,NA,NA,NA,N,C8,1,ORF,UNKNOWN,Undetermined,P83,CDC_collab,extraction_control_1234,control
extraction_neg-N-C8-1x,extraction_neg,NA,NA,NA,N,C8,1,ORF,UNKNOWN,Undetermined,P83,CDC_collab,extraction_control_1234,control
extraction_neg-Y-C10-1x,extraction_neg,NA,NA,NA,Y,C10,1,ORF,UNKNOWN,Undetermined,P83,CDC_collab,extraction_control_1234,control
extraction_neg-Y-C10-1x,extraction_neg,NA,NA,NA,Y,C10,1,ORF,UNKNOWN,Undetermined,P83,CDC_collab,extraction_control_1234,control
extraction_neg-Y-C9-1x,extraction_neg,NA,NA,NA,Y,C9,1,ORF,UNKNOWN,Undetermined,P83,CDC_collab,extraction_control_1234,control
extraction_neg-Y-C9-1x,extraction_neg,NA,NA,NA,Y,C9,1,ORF,UNKNOWN,Undetermined,P83,CDC_collab,extraction_control_1234,control
extraction_intpos_Matrix-Y-C10-1x,extraction_intposOL_Matrix,NA,NA,NA,Y,C10,1,ORF,UNKNOWN,24.86473,P83,CDC_collab,extraction_control_1234,control
extraction_neg-Y-C8-1x,extraction_neg,NA,NA,NA,Y,C8,1,ORF,UNKNOWN,Undetermined,P83,CDC_collab,extraction_control_1234,control
extraction_neg-Y-C8-1x,extraction_neg,NA,NA,NA,Y,C8,1,ORF,UNKNOWN,Undetermined,P83,CDC_collab,extraction_control_1234,control
extraction_intpos_Matrix-N-C10-1x,extraction_intposOL_Matrix,NA,NA,NA,N,C10,1,ORF,UNKNOWN,25.26073,P83,CDC_collab,extraction_control_1234,control
extraction_intpos_Matrix-N-C10-1x,extraction_intposOL_Matrix,NA,NA,NA,N,C10,1,ORF,UNKNOWN,25.27457,P83,CDC_collab,extraction_control_1234,control
extraction_intpos_Matrix-Y-C10-1x,extraction_intposOL_Matrix,NA,NA,NA,Y,C10,1,ORF,UNKNOWN,24.87499,P83,CDC_collab,extraction_control_1234,control
extraction_intpos_Matrix-Y-C9-1x,extraction_intposOL_Matrix,NA,NA,NA,Y,C9,1,ORF,UNKNOWN,24.56573,P83,CDC_collab,extraction_control_1234,control
extraction_RNApos_Matrix-Y-C10-1x,extraction_RNAposOL_Matrix,NA,NA,NA,Y,C10,1,ORF,UNKNOWN,Undetermined,P83,CDC_collab,extraction_control_1234,control
extraction_RNApos_Matrix-Y-C10-1x,extraction_RNAposOL_Matrix,NA,NA,NA,Y,C10,1,ORF,UNKNOWN,Undetermined,P83,CDC_collab,extraction_control_1234,control
extraction_intpos_Matrix-N-C9-1x,extraction_intposOL_Matrix,NA,NA,NA,N,C9,1,ORF,UNKNOWN,24.4572,P83,CDC_collab,extraction_control_1234,control
extraction_intpos_Matrix-N-C9-1x,extraction_intposOL_Matrix,NA,NA,NA,N,C9,1,ORF,UNKNOWN,24.36129,P83,CDC_collab,extraction_control_1234,control
extraction_intpos_Matrix-Y-C9-1x,extraction_intposOL_Matrix,NA,NA,NA,Y,C9,1,ORF,UNKNOWN,24.64111,P83,CDC_collab,extraction_control_1234,control
NA,NA,NA,NA,NA,NA,NA,NA,ORF,NTC,Undetermined,P83,CDC_collab,extraction_control_1234,control
extraction_intpos_Matrix-Y-C8-1x,extraction_intposOL_Matrix,NA,NA,NA,Y,C8,1,ORF,UNKNOWN,25.94239,P83,CDC_collab,extraction_control_1234,control
extraction_RNApos_Matrix-N-C10-1x,extraction_RNAposOL_Matrix,NA,NA,NA,N,C10,1,ORF,UNKNOWN,32.73374,P83,CDC_collab,extraction_control_1234,control
extraction_RNApos_Matrix-N-C10-1x,extraction_RNAposOL_Matrix,NA,NA,NA,N,C10,1,ORF,UNKNOWN,32.66782,P83,CDC_collab,extraction_control_1234,control
NA,NA,NA,NA,NA,NA,NA,NA,ORF,NTC,Undetermined,P83,CDC_collab,extraction_control_1234,control
extraction_intpos_Matrix-N-C8-1x,extraction_intposOL_Matrix,NA,NA,NA,N,C8,1,ORF,UNKNOWN,24.21289,P83,CDC_collab,extraction_control_1234,control
extraction_intpos_Matrix-N-C8-1x,extraction_intposOL_Matrix,NA,NA,NA,N,C8,1,ORF,UNKNOWN,24.16144,P83,CDC_collab,extraction_control_1234,control
extraction_intpos_Matrix-Y-C8-1x,extraction_intposOL_Matrix,NA,NA,NA,Y,C8,1,ORF,UNKNOWN,25.92391,P83,CDC_collab,extraction_control_1234,control
15A5F-N-T0-1x,15A5F,15,A5,F,N,T0,1,ORF,UNKNOWN,22.81716,P1000,CDC_collab,1,15-1
15A5F-N-T0-1x,15A5F,15,A5,F,N,T0,1,ORF,UNKNOWN,22.70882,P1000,CDC_collab,1,15-1
15A5F-N-T14-1x,15A5F,15,A5,F,N,T14,1,ORF,UNKNOWN,23.99151,P1000,CDC_collab,1,15-1
15A5F-N-T14-1x,15A5F,15,A5,F,N,T14,1,ORF,UNKNOWN,24.13755,P1000,CDC_collab,1,15-1
15A5F-N-T1-1x,15A5F,15,A5,F,N,T1,1,ORF,UNKNOWN,21.8249,P1000,CDC_collab,1,15-1
15A5F-N-T1-1x,15A5F,15,A5,F,N,T1,1,ORF,UNKNOWN,21.86166,P1000,CDC_collab,1,15-1
15A5F-N-T21-1x,15A5F,15,A5,F,N,T21,1,ORF,UNKNOWN,25.70675,P1000,CDC_collab,1,15-1
15A5F-N-T21-1x,15A5F,15,A5,F,N,T21,1,ORF,UNKNOWN,25.48495,P1000,CDC_collab,1,15-1
15A5F-N-T7-1x,15A5F,15,A5,F,N,T7,1,ORF,UNKNOWN,23.85927,P1000,CDC_collab,1,15-1
15A5F-N-T7-1x,15A5F,15,A5,F,N,T7,1,ORF,UNKNOWN,23.74665,P1000,CDC_collab,1,15-1
15A5F-N-T28-1x,15A5F,15,A5,F,N,T28,1,ORF,UNKNOWN,25.45188,P1000,CDC_collab,1,15-1
15A5F-N-T28-1x,15A5F,15,A5,F,N,T28,1,ORF,UNKNOWN,25.11657,P1000,CDC_collab,1,15-1
NA,NA,NA,NA,NA,NA,NA,NA,ORF,NTC,Undetermined,P1000,CDC_collab,extraction_control_1234,control
NA,NA,NA,NA,NA,NA,NA,NA,ORF,NTC,Undetermined,P1000,CDC_collab,extraction_control_1234,control
NA,NA,NA,NA,NA,NA,NA,NA,ORF,NTC,Undetermined,P1000,CDC_collab,extraction_control_1234,control
15A5F-N-T0-1x,15A5F,15,A5,F,N,T0,1,MK3,UNKNOWN,27.98728,P1001,CDC_collab,1,15-1
15A5F-N-T0-1x,15A5F,15,A5,F,N,T0,1,MK3,UNKNOWN,28.16061,P1001,CDC_collab,1,15-1
15A5F-N-T21-1x,15A5F,15,A5,F,N,T21,1,MK3,UNKNOWN,32.46227,P1001,CDC_collab,1,15-1
15A5F-N-T0-1x,15A5F,15,A5,F,N,T0,1,MK1,UNKNOWN,32.21823,P1001,CDC_collab,1,15-1
15A5F-N-T0-1x,15A5F,15,A5,F,N,T0,1,MK1,UNKNOWN,31.71808,P1001,CDC_collab,1,15-1
15A5F-N-T21-1x,15A5F,15,A5,F,N,T21,1,MK1,UNKNOWN,37.05312,P1001,CDC_collab,1,15-1
15A5F-N-T21-1x,15A5F,15,A5,F,N,T21,1,MK3,UNKNOWN,33.00628,P1001,CDC_collab,1,15-1
15A5F-N-T21-1x,15A5F,15,A5,F,N,T21,1,MK1,UNKNOWN,37.05664,P1001,CDC_collab,1,15-1
15A5F-N-T1-1x,15A5F,15,A5,F,N,T1,1,MK3,UNKNOWN,28.03423,P1001,CDC_collab,1,15-1
15A5F-N-T1-1x,15A5F,15,A5,F,N,T1,1,MK3,UNKNOWN,27.9416,P1001,CDC_collab,1,15-1
15A5F-N-T1-1x,15A5F,15,A5,F,N,T1,1,MK1,UNKNOWN,32.23106,P1001,CDC_collab,1,15-1
15A5F-N-T1-1x,15A5F,15,A5,F,N,T1,1,MK1,UNKNOWN,31.83095,P1001,CDC_collab,1,15-1
15A5F-N-T7-1x,15A5F,15,A5,F,N,T7,1,MK3,UNKNOWN,30.10247,P1001,CDC_collab,1,15-1
15A5F-N-T7-1x,15A5F,15,A5,F,N,T7,1,MK3,UNKNOWN,30.02954,P1001,CDC_collab,1,15-1
15A5F-N-T28-1x,15A5F,15,A5,F,N,T28,1,MK3,UNKNOWN,31.6047,P1001,CDC_collab,1,15-1
15A5F-N-T7-1x,15A5F,15,A5,F,N,T7,1,MK1,UNKNOWN,34.72047,P1001,CDC_collab,1,15-1
15A5F-N-T7-1x,15A5F,15,A5,F,N,T7,1,MK1,UNKNOWN,34.53765,P1001,CDC_collab,1,15-1
15A5F-N-T28-1x,15A5F,15,A5,F,N,T28,1,MK1,UNKNOWN,37.70568,P1001,CDC_collab,1,15-1
15A5F-N-T28-1x,15A5F,15,A5,F,N,T28,1,MK3,UNKNOWN,31.70033,P1001,CDC_collab,1,15-1
15A5F-N-T28-1x,15A5F,15,A5,F,N,T28,1,MK1,UNKNOWN,37.32701,P1001,CDC_collab,1,15-1
15A5F-N-T14-1x,15A5F,15,A5,F,N,T14,1,MK3,UNKNOWN,29.91049,P1001,CDC_collab,1,15-1
15A5F-N-T14-1x,15A5F,15,A5,F,N,T14,1,MK3,UNKNOWN,30.01657,P1001,CDC_collab,1,15-1
15A5F-N-T14-1x,15A5F,15,A5,F,N,T14,1,MK1,UNKNOWN,34.21017,P1001,CDC_collab,1,15-1
15A5F-N-T14-1x,15A5F,15,A5,F,N,T14,1,MK1,UNKNOWN,34.23953,P1001,CDC_collab,1,15-1
NA,NA,NA,NA,NA,NA,NA,NA,MK1,NTC,Undetermined,P1001,CDC_collab,extraction_control_1234,control
NA,NA,NA,NA,NA,NA,NA,NA,MK1,NTC,Undetermined,P1001,CDC_collab,extraction_control_1234,control
NA,NA,NA,NA,NA,NA,NA,NA,MK3,NTC,Undetermined,P1001,CDC_collab,extraction_control_1234,control
NA,NA,NA,NA,NA,NA,NA,NA,MK3,NTC,Undetermined,P1001,CDC_collab,extraction_control_1234,control
15A5F-N-T0-1x,15A5F,15,A5,F,N,T0,1,MK7,UNKNOWN,28.25972,P1002,CDC_collab,1,15-1
15A5F-N-T0-1x,15A5F,15,A5,F,N,T0,1,MK7,UNKNOWN,28.21435,P1002,CDC_collab,1,15-1
15A5F-N-T21-1x,15A5F,15,A5,F,N,T21,1,MK7,UNKNOWN,33.39974,P1002,CDC_collab,1,15-1
15A5F-N-T0-1x,15A5F,15,A5,F,N,T0,1,MK5,UNKNOWN,29.07135,P1002,CDC_collab,1,15-1
15A5F-N-T0-1x,15A5F,15,A5,F,N,T0,1,MK5,UNKNOWN,29.05323,P1002,CDC_collab,1,15-1
15A5F-N-T21-1x,15A5F,15,A5,F,N,T21,1,MK5,UNKNOWN,32.92828,P1002,CDC_collab,1,15-1
15A5F-N-T21-1x,15A5F,15,A5,F,N,T21,1,MK7,UNKNOWN,32.68285,P1002,CDC_collab,1,15-1
15A5F-N-T21-1x,15A5F,15,A5,F,N,T21,1,MK5,UNKNOWN,33.1106,P1002,CDC_collab,1,15-1
15A5F-N-T1-1x,15A5F,15,A5,F,N,T1,1,MK7,UNKNOWN,28.30977,P1002,CDC_collab,1,15-1
15A5F-N-T1-1x,15A5F,15,A5,F,N,T1,1,MK7,UNKNOWN,28.52004,P1002,CDC_collab,1,15-1
15A5F-N-T1-1x,15A5F,15,A5,F,N,T1,1,MK5,UNKNOWN,28.86587,P1002,CDC_collab,1,15-1
15A5F-N-T1-1x,15A5F,15,A5,F,N,T1,1,MK5,UNKNOWN,28.8041,P1002,CDC_collab,1,15-1
15A5F-N-T7-1x,15A5F,15,A5,F,N,T7,1,MK7,UNKNOWN,30.76354,P1002,CDC_collab,1,15-1
15A5F-N-T7-1x,15A5F,15,A5,F,N,T7,1,MK7,UNKNOWN,30.87083,P1002,CDC_collab,1,15-1
15A5F-N-T28-1x,15A5F,15,A5,F,N,T28,1,MK7,UNKNOWN,34.33833,P1002,CDC_collab,1,15-1
15A5F-N-T7-1x,15A5F,15,A5,F,N,T7,1,MK5,UNKNOWN,31.54987,P1002,CDC_collab,1,15-1
15A5F-N-T7-1x,15A5F,15,A5,F,N,T7,1,MK5,UNKNOWN,31.61749,P1002,CDC_collab,1,15-1
15A5F-N-T28-1x,15A5F,15,A5,F,N,T28,1,MK5,UNKNOWN,32.93917,P1002,CDC_collab,1,15-1
15A5F-N-T28-1x,15A5F,15,A5,F,N,T28,1,MK7,UNKNOWN,33.18188,P1002,CDC_collab,1,15-1
15A5F-N-T28-1x,15A5F,15,A5,F,N,T28,1,MK5,UNKNOWN,32.88382,P1002,CDC_collab,1,15-1
15A5F-N-T14-1x,15A5F,15,A5,F,N,T14,1,MK7,UNKNOWN,30.69403,P1002,CDC_collab,1,15-1
15A5F-N-T14-1x,15A5F,15,A5,F,N,T14,1,MK7,UNKNOWN,30.55538,P1002,CDC_collab,1,15-1
15A5F-N-T14-1x,15A5F,15,A5,F,N,T14,1,MK5,UNKNOWN,31.12247,P1002,CDC_collab,1,15-1
15A5F-N-T14-1x,15A5F,15,A5,F,N,T14,1,MK5,UNKNOWN,31.39694,P1002,CDC_collab,1,15-1
NA,NA,NA,NA,NA,NA,NA,NA,MK5,NTC,Undetermined,P1002,CDC_collab,extraction_control_1234,control
NA,NA,NA,NA,NA,NA,NA,NA,MK5,NTC,Undetermined,P1002,CDC_collab,extraction_control_1234,control
NA,NA,NA,NA,NA,NA,NA,NA,MK7,NTC,37.64777,P1002,CDC_collab,extraction_control_1234,control
NA,NA,NA,NA,NA,NA,NA,NA,MK7,NTC,37.75857,P1002,CDC_collab,extraction_control_1234,control
15A6F-N-T0-1x,15A6F,15,A6,F,N,T0,1,MK1,UNKNOWN,28.70292,P1003,CDC_collab,2,15-2
15A6F-N-T0-1x,15A6F,15,A6,F,N,T0,1,MK1,UNKNOWN,28.64338,P1003,CDC_collab,2,15-2
15A6F-N-T0-1x,15A6F,15,A6,F,N,T0,1,MK3,UNKNOWN,23.935,P1003,CDC_collab,2,15-2
15A6F-N-T0-1x,15A6F,15,A6,F,N,T0,1,MK3,UNKNOWN,23.9783,P1003,CDC_collab,2,15-2
15A6F-N-T1-1x,15A6F,15,A6,F,N,T1,1,MK1,UNKNOWN,27.73845,P1003,CDC_collab,2,15-2
15A6F-N-T1-1x,15A6F,15,A6,F,N,T1,1,MK1,UNKNOWN,27.75321,P1003,CDC_collab,2,15-2
15A6F-N-T1-1x,15A6F,15,A6,F,N,T1,1,MK3,UNKNOWN,22.97577,P1003,CDC_collab,2,15-2
15A6F-N-T1-1x,15A6F,15,A6,F,N,T1,1,MK3,UNKNOWN,22.77208,P1003,CDC_collab,2,15-2
15A6F-N-T3-1x,15A6F,15,A6,F,N,T3,1,MK1,UNKNOWN,28.79115,P1003,CDC_collab,2,15-2
15A6F-N-T3-1x,15A6F,15,A6,F,N,T3,1,MK1,UNKNOWN,28.77922,P1003,CDC_collab,2,15-2
15A6F-N-T3-1x,15A6F,15,A6,F,N,T3,1,MK3,UNKNOWN,23.84756,P1003,CDC_collab,2,15-2
15A6F-N-T3-1x,15A6F,15,A6,F,N,T3,1,MK3,UNKNOWN,23.59832,P1003,CDC_collab,2,15-2
15A6F-N-T5-1x,15A6F,15,A6,F,N,T5,1,MK1,UNKNOWN,28.20609,P1003,CDC_collab,2,15-2
15A6F-N-T5-1x,15A6F,15,A6,F,N,T5,1,MK1,UNKNOWN,28.30059,P1003,CDC_collab,2,15-2
15A6F-N-T5-1x,15A6F,15,A6,F,N,T5,1,MK3,UNKNOWN,23.40424,P1003,CDC_collab,2,15-2
15A6F-N-T5-1x,15A6F,15,A6,F,N,T5,1,MK3,UNKNOWN,23.35248,P1003,CDC_collab,2,15-2
15A6F-Y-T0-1x,15A6F,15,A6,F,Y,T0,1,MK1,UNKNOWN,29.0969,P1003,CDC_collab,2,15-2
15A6F-Y-T0-1x,15A6F,15,A6,F,Y,T0,1,MK1,UNKNOWN,29.17702,P1003,CDC_collab,2,15-2
15A6F-Y-T0-1x,15A6F,15,A6,F,Y,T0,1,MK3,UNKNOWN,23.81011,P1003,CDC_collab,2,15-2
15A6F-Y-T0-1x,15A6F,15,A6,F,Y,T0,1,MK3,UNKNOWN,23.86746,P1003,CDC_collab,2,15-2
15A6F-Y-T1-1x,15A6F,15,A6,F,Y,T1,1,MK1,UNKNOWN,27.90701,P1003,CDC_collab,2,15-2
15A6F-Y-T1-1x,15A6F,15,A6,F,Y,T1,1,MK1,UNKNOWN,27.78829,P1003,CDC_collab,2,15-2
15A6F-Y-T1-1x,15A6F,15,A6,F,Y,T1,1,MK3,UNKNOWN,22.78753,P1003,CDC_collab,2,15-2
15A6F-Y-T1-1x,15A6F,15,A6,F,Y,T1,1,MK3,UNKNOWN,22.97327,P1003,CDC_collab,2,15-2
15A6F-Y-T3-1x,15A6F,15,A6,F,Y,T3,1,MK1,UNKNOWN,28.98086,P1003,CDC_collab,2,15-2
15A6F-Y-T3-1x,15A6F,15,A6,F,Y,T3,1,MK1,UNKNOWN,29.14044,P1003,CDC_collab,2,15-2
15A6F-Y-T3-1x,15A6F,15,A6,F,Y,T3,1,MK3,UNKNOWN,23.67241,P1003,CDC_collab,2,15-2
15A6F-Y-T3-1x,15A6F,15,A6,F,Y,T3,1,MK3,UNKNOWN,23.94715,P1003,CDC_collab,2,15-2
NA,NA,NA,NA,NA,NA,NA,NA,MK1,NTC,Undetermined,P1003,CDC_collab,extraction_control_1234,control
NA,NA,NA,NA,NA,NA,NA,NA,MK1,NTC,Undetermined,P1003,CDC_collab,extraction_control_1234,control
NA,NA,NA,NA,NA,NA,NA,NA,MK1,NTC,Undetermined,P1003,CDC_collab,extraction_control_1234,control
15A6F-Y-T5-1x,15A6F,15,A6,F,Y,T5,1,MK1,UNKNOWN,27.91211,P1003,CDC_collab,2,15-2
15A6F-Y-T5-1x,15A6F,15,A6,F,Y,T5,1,MK1,UNKNOWN,27.9207,P1003,CDC_collab,2,15-2
NA,NA,NA,NA,NA,NA,NA,NA,MK3,NTC,Undetermined,P1003,CDC_collab,extraction_control_1234,control
NA,NA,NA,NA,NA,NA,NA,NA,MK3,NTC,Undetermined,P1003,CDC_collab,extraction_control_1234,control
NA,NA,NA,NA,NA,NA,NA,NA,MK3,NTC,Undetermined,P1003,CDC_collab,extraction_control_1234,control
15A6F-Y-T5-1x,15A6F,15,A6,F,Y,T5,1,MK3,UNKNOWN,23.24405,P1003,CDC_collab,2,15-2
15A6F-Y-T5-1x,15A6F,15,A6,F,Y,T5,1,MK3,UNKNOWN,23.3186,P1003,CDC_collab,2,15-2
15A6F-N-T0-1x,15A6F,15,A6,F,N,T0,1,MK5,UNKNOWN,26.19202,P1004,CDC_collab,2,15-2
15A6F-N-T0-1x,15A6F,15,A6,F,N,T0,1,MK5,UNKNOWN,24.85223,P1004,CDC_collab,2,15-2
15A6F-N-T0-1x,15A6F,15,A6,F,N,T0,1,MK7,UNKNOWN,24.21514,P1004,CDC_collab,2,15-2
15A6F-N-T0-1x,15A6F,15,A6,F,N,T0,1,MK7,UNKNOWN,24.00446,P1004,CDC_collab,2,15-2
15A6F-N-T1-1x,15A6F,15,A6,F,N,T1,1,MK5,UNKNOWN,24.15089,P1004,CDC_collab,2,15-2
15A6F-N-T1-1x,15A6F,15,A6,F,N,T1,1,MK5,UNKNOWN,24.22872,P1004,CDC_collab,2,15-2
15A6F-N-T1-1x,15A6F,15,A6,F,N,T1,1,MK7,UNKNOWN,23.53632,P1004,CDC_collab,2,15-2
15A6F-N-T1-1x,15A6F,15,A6,F,N,T1,1,MK7,UNKNOWN,23.47293,P1004,CDC_collab,2,15-2
15A6F-N-T3-1x,15A6F,15,A6,F,N,T3,1,MK5,UNKNOWN,24.99556,P1004,CDC_collab,2,15-2
15A6F-N-T3-1x,15A6F,15,A6,F,N,T3,1,MK5,UNKNOWN,25.14672,P1004,CDC_collab,2,15-2
15A6F-N-T3-1x,15A6F,15,A6,F,N,T3,1,MK7,UNKNOWN,24.53788,P1004,CDC_collab,2,15-2
15A6F-N-T3-1x,15A6F,15,A6,F,N,T3,1,MK7,UNKNOWN,35.44351,P1004,CDC_collab,2,15-2
15A6F-N-T5-1x,15A6F,15,A6,F,N,T5,1,MK5,UNKNOWN,24.49526,P1004,CDC_collab,2,15-2
15A6F-N-T5-1x,15A6F,15,A6,F,N,T5,1,MK5,UNKNOWN,24.51828,P1004,CDC_collab,2,15-2
15A6F-N-T5-1x,15A6F,15,A6,F,N,T5,1,MK7,UNKNOWN,23.76656,P1004,CDC_collab,2,15-2
15A6F-N-T5-1x,15A6F,15,A6,F,N,T5,1,MK7,UNKNOWN,23.72616,P1004,CDC_collab,2,15-2
15A6F-Y-T0-1x,15A6F,15,A6,F,Y,T0,1,MK5,UNKNOWN,25.14777,P1004,CDC_collab,2,15-2
15A6F-Y-T0-1x,15A6F,15,A6,F,Y,T0,1,MK5,UNKNOWN,25.08953,P1004,CDC_collab,2,15-2
15A6F-Y-T0-1x,15A6F,15,A6,F,Y,T0,1,MK7,UNKNOWN,24.53285,P1004,CDC_collab,2,15-2
15A6F-Y-T0-1x,15A6F,15,A6,F,Y,T0,1,MK7,UNKNOWN,24.33139,P1004,CDC_collab,2,15-2
15A6F-Y-T1-1x,15A6F,15,A6,F,Y,T1,1,MK5,UNKNOWN,24.14048,P1004,CDC_collab,2,15-2
15A6F-Y-T1-1x,15A6F,15,A6,F,Y,T1,1,MK5,UNKNOWN,23.96134,P1004,CDC_collab,2,15-2
15A6F-Y-T1-1x,15A6F,15,A6,F,Y,T1,1,MK7,UNKNOWN,23.2116,P1004,CDC_collab,2,15-2
15A6F-Y-T1-1x,15A6F,15,A6,F,Y,T1,1,MK7,UNKNOWN,23.39807,P1004,CDC_collab,2,15-2
15A6F-Y-T3-1x,15A6F,15,A6,F,Y,T3,1,MK5,UNKNOWN,24.83783,P1004,CDC_collab,2,15-2
15A6F-Y-T3-1x,15A6F,15,A6,F,Y,T3,1,MK5,UNKNOWN,24.97189,P1004,CDC_collab,2,15-2
15A6F-Y-T3-1x,15A6F,15,A6,F,Y,T3,1,MK7,UNKNOWN,24.01796,P1004,CDC_collab,2,15-2
15A6F-Y-T3-1x,15A6F,15,A6,F,Y,T3,1,MK7,UNKNOWN,23.95307,P1004,CDC_collab,2,15-2
NA,NA,NA,NA,NA,NA,NA,NA,MK5,NTC,Undetermined,P1004,CDC_collab,extraction_control_1234,control
NA,NA,NA,NA,NA,NA,NA,NA,MK5,NTC,Undetermined,P1004,CDC_collab,extraction_control_1234,control
NA,NA,NA,NA,NA,NA,NA,NA,MK5,NTC,Undetermined,P1004,CDC_collab,extraction_control_1234,control
15A6F-Y-T5-1x,15A6F,15,A6,F,Y,T5,1,MK5,UNKNOWN,24.55622,P1004,CDC_collab,2,15-2
15A6F-Y-T5-1x,15A6F,15,A6,F,Y,T5,1,MK5,UNKNOWN,24.35387,P1004,CDC_collab,2,15-2
NA,NA,NA,NA,NA,NA,NA,NA,MK7,NTC,Undetermined,P1004,CDC_collab,extraction_control_1234,control
NA,NA,NA,NA,NA,NA,NA,NA,MK7,NTC,Undetermined,P1004,CDC_collab,extraction_control_1234,control
NA,NA,NA,NA,NA,NA,NA,NA,MK7,NTC,33.1982,P1004,CDC_collab,extraction_control_1234,control
15A6F-Y-T5-1x,15A6F,15,A6,F,Y,T5,1,MK7,UNKNOWN,23.46966,P1004,CDC_collab,2,15-2
15A6F-Y-T5-1x,15A6F,15,A6,F,Y,T5,1,MK7,UNKNOWN,23.45376,P1004,CDC_collab,2,15-2
15A6F-N-T0-1x,15A6F,15,A6,F,N,T0,1,ORF,UNKNOWN,21.49321,P1005,CDC_collab,2,15-2
15A6F-N-T0-1x,15A6F,15,A6,F,N,T0,1,ORF,UNKNOWN,21.61458,P1005,CDC_collab,2,15-2
15A6F-N-T1-1x,15A6F,15,A6,F,N,T1,1,ORF,UNKNOWN,21.22589,P1005,CDC_collab,2,15-2
15A6F-N-T1-1x,15A6F,15,A6,F,N,T1,1,ORF,UNKNOWN,21.17855,P1005,CDC_collab,2,15-2
15A6F-N-T3-1x,15A6F,15,A6,F,N,T3,1,ORF,UNKNOWN,21.37111,P1005,CDC_collab,2,15-2
15A6F-N-T3-1x,15A6F,15,A6,F,N,T3,1,ORF,UNKNOWN,21.33516,P1005,CDC_collab,2,15-2
15A6F-N-T5-1x,15A6F,15,A6,F,N,T5,1,ORF,UNKNOWN,21.18678,P1005,CDC_collab,2,15-2
15A6F-N-T5-1x,15A6F,15,A6,F,N,T5,1,ORF,UNKNOWN,21.28223,P1005,CDC_collab,2,15-2
15A6F-Y-T0-1x,15A6F,15,A6,F,Y,T0,1,ORF,UNKNOWN,20.89823,P1005,CDC_collab,2,15-2
15A6F-Y-T0-1x,15A6F,15,A6,F,Y,T0,1,ORF,UNKNOWN,21.46732,P1005,CDC_collab,2,15-2
15A6F-Y-T1-1x,15A6F,15,A6,F,Y,T1,1,ORF,UNKNOWN,21.17101,P1005,CDC_collab,2,15-2
15A6F-Y-T1-1x,15A6F,15,A6,F,Y,T1,1,ORF,UNKNOWN,21.4852,P1005,CDC_collab,2,15-2
15A6F-Y-T3-1x,15A6F,15,A6,F,Y,T3,1,ORF,UNKNOWN,21.56226,P1005,CDC_collab,2,15-2
15A6F-Y-T3-1x,15A6F,15,A6,F,Y,T3,1,ORF,UNKNOWN,21.44716,P1005,CDC_collab,2,15-2
NA,NA,NA,NA,NA,NA,NA,NA,ORF,NTC,Undetermined,P1005,CDC_collab,extraction_control_1234,control
NA,NA,NA,NA,NA,NA,NA,NA,ORF,NTC,Undetermined,P1005,CDC_collab,extraction_control_1234,control
NA,NA,NA,NA,NA,NA,NA,NA,ORF,NTC,Undetermined,P1005,CDC_collab,extraction_control_1234,control
15A6F-Y-T5-1x,15A6F,15,A6,F,Y,T5,1,ORF,UNKNOWN,20.92039,P1005,CDC_collab,2,15-2
15A6F-Y-T5-1x,15A6F,15,A6,F,Y,T5,1,ORF,UNKNOWN,21.17254,P1005,CDC_collab,2,15-2
20A1F-N-T0-1x,20A1F,20,A1,F,N,T0,1,OL1b,UNKNOWN,22.27051,P91,CDC_collab,3,20-1
20A1F-N-T0-1x,20A1F,20,A1,F,N,T0,1,OL1b,UNKNOWN,22.31937,P91,CDC_collab,3,20-1
20A1F-N-T0-5x,20A1F,20,A1,F,N,T0,5,OL1b,UNKNOWN,24.37213,P91,CDC_collab,3,20-1
20A1F-N-T0-5x,20A1F,20,A1,F,N,T0,5,OL1b,UNKNOWN,24.77946,P91,CDC_collab,3,20-1
20A3F-N-T28-1x,20A3F,20,A3,F,N,T28,1,OL1b,UNKNOWN,24.28403,P91,CDC_collab,4,20-2
20A3F-N-T28-1x,20A3F,20,A3,F,N,T28,1,OL1b,UNKNOWN,24.41126,P91,CDC_collab,4,20-2
20A1F-N-T1-1x,20A1F,20,A1,F,N,T1,1,OL1b,UNKNOWN,23.90037,P91,CDC_collab,3,20-1
20A1F-N-T1-1x,20A1F,20,A1,F,N,T1,1,OL1b,UNKNOWN,24.05217,P91,CDC_collab,3,20-1
20A1F-N-T1-5x,20A1F,20,A1,F,N,T1,5,OL1b,UNKNOWN,25.34299,P91,CDC_collab,3,20-1
20A1F-N-T1-5x,20A1F,20,A1,F,N,T1,5,OL1b,UNKNOWN,27.25861,P91,CDC_collab,3,20-1
20A3F-Y-T28-1x,20A3F,20,A3,F,Y,T28,1,OL1b,UNKNOWN,27.48488,P91,CDC_collab,4,20-2
20A3F-Y-T28-1x,20A3F,20,A3,F,Y,T28,1,OL1b,UNKNOWN,27.88081,P91,CDC_collab,4,20-2
20A1F-N-T7-1x,20A1F,20,A1,F,N,T7,1,OL1b,UNKNOWN,25.51211,P91,CDC_collab,3,20-1
20A1F-N-T7-1x,20A1F,20,A1,F,N,T7,1,OL1b,UNKNOWN,25.19487,P91,CDC_collab,3,20-1
20A1F-N-T7-5x,20A1F,20,A1,F,N,T7,5,OL1b,UNKNOWN,26.90974,P91,CDC_collab,3,20-1
20A1F-N-T7-5x,20A1F,20,A1,F,N,T7,5,OL1b,UNKNOWN,27.47742,P91,CDC_collab,3,20-1
20A3F-N-T28-5x,20A3F,20,A3,F,N,T28,5,OL1b,UNKNOWN,24.90747,P91,CDC_collab,4,20-2
20A3F-N-T28-5x,20A3F,20,A3,F,N,T28,5,OL1b,UNKNOWN,24.90202,P91,CDC_collab,4,20-2
20A3F-N-T0-1x,20A3F,20,A3,F,N,T0,1,OL1b,UNKNOWN,23.74403,P91,CDC_collab,4,20-2
20A3F-N-T0-1x,20A3F,20,A3,F,N,T0,1,OL1b,UNKNOWN,23.34858,P91,CDC_collab,4,20-2
20A3F-N-T0-5x,20A3F,20,A3,F,N,T0,5,OL1b,UNKNOWN,26.58491,P91,CDC_collab,4,20-2
20A3F-N-T0-5x,20A3F,20,A3,F,N,T0,5,OL1b,UNKNOWN,26.1691,P91,CDC_collab,4,20-2
20A3F-Y-T0-1x,20A3F,20,A3,F,Y,T0,1,OL1b,UNKNOWN,22.18167,P91,CDC_collab,4,20-2
20A3F-Y-T0-1x,20A3F,20,A3,F,Y,T0,1,OL1b,UNKNOWN,21.82461,P91,CDC_collab,4,20-2
20A3F-Y-T28-5x,20A3F,20,A3,F,Y,T28,5,OL1b,UNKNOWN,24.82665,P91,CDC_collab,4,20-2
20A3F-Y-T28-5x,20A3F,20,A3,F,Y,T28,5,OL1b,UNKNOWN,24.53207,P91,CDC_collab,4,20-2
20A3F-N-T1-1x,20A3F,20,A3,F,N,T1,1,OL1b,UNKNOWN,24.79663,P91,CDC_collab,4,20-2
20A3F-N-T1-1x,20A3F,20,A3,F,N,T1,1,OL1b,UNKNOWN,24.93217,P91,CDC_collab,4,20-2
20A3F-N-T1-5x,20A3F,20,A3,F,N,T1,5,OL1b,UNKNOWN,27.84546,P91,CDC_collab,4,20-2
20A3F-N-T1-5x,20A3F,20,A3,F,N,T1,5,OL1b,UNKNOWN,27.95066,P91,CDC_collab,4,20-2
20A3F-Y-T1-1x,20A3F,20,A3,F,Y,T1,1,OL1b,UNKNOWN,22.44916,P91,CDC_collab,4,20-2
20A3F-Y-T1-1x,20A3F,20,A3,F,Y,T1,1,OL1b,UNKNOWN,22.31634,P91,CDC_collab,4,20-2
20A3F-Y-T1-5x,20A3F,20,A3,F,Y,T1,5,OL1b,UNKNOWN,25.46243,P91,CDC_collab,4,20-2
20A3F-Y-T1-5x,20A3F,20,A3,F,Y,T1,5,OL1b,UNKNOWN,25.21601,P91,CDC_collab,4,20-2
20A3F-N-T7-1x,20A3F,20,A3,F,N,T7,1,OL1b,UNKNOWN,25.33694,P91,CDC_collab,4,20-2
20A3F-N-T7-1x,20A3F,20,A3,F,N,T7,1,OL1b,UNKNOWN,25.36912,P91,CDC_collab,4,20-2
20A3F-N-T7-5x,20A3F,20,A3,F,N,T7,5,OL1b,UNKNOWN,28.72668,P91,CDC_collab,4,20-2
20A3F-N-T7-5x,20A3F,20,A3,F,N,T7,5,OL1b,UNKNOWN,27.88626,P91,CDC_collab,4,20-2
20A3F-Y-T7-1x,20A3F,20,A3,F,Y,T7,1,OL1b,UNKNOWN,22.76625,P91,CDC_collab,4,20-2
20A3F-Y-T7-1x,20A3F,20,A3,F,Y,T7,1,OL1b,UNKNOWN,22.7389,P91,CDC_collab,4,20-2
20A3F-Y-T7-5x,20A3F,20,A3,F,Y,T7,5,OL1b,UNKNOWN,25.8313,P91,CDC_collab,4,20-2
20A3F-Y-T7-5x,20A3F,20,A3,F,Y,T7,5,OL1b,UNKNOWN,25.74757,P91,CDC_collab,4,20-2
20A3F-N-T14-1x,20A3F,20,A3,F,N,T14,1,OL1b,UNKNOWN,26.24362,P91,CDC_collab,4,20-2
20A3F-N-T14-1x,20A3F,20,A3,F,N,T14,1,OL1b,UNKNOWN,26.22478,P91,CDC_collab,4,20-2
20A3F-N-T14-5x,20A3F,20,A3,F,N,T14,5,OL1b,UNKNOWN,28.61174,P91,CDC_collab,4,20-2
20A3F-N-T14-5x,20A3F,20,A3,F,N,T14,5,OL1b,UNKNOWN,28.59052,P91,CDC_collab,4,20-2
20A3F-Y-T14-1x,20A3F,20,A3,F,Y,T14,1,OL1b,UNKNOWN,23.20111,P91,CDC_collab,4,20-2
20A3F-Y-T14-1x,20A3F,20,A3,F,Y,T14,1,OL1b,UNKNOWN,23.15505,P91,CDC_collab,4,20-2
20A3F-Y-T14-5x,20A3F,20,A3,F,Y,T14,5,OL1b,UNKNOWN,26.2465,P91,CDC_collab,4,20-2
20A3F-Y-T14-5x,20A3F,20,A3,F,Y,T14,5,OL1b,UNKNOWN,25.7014,P91,CDC_collab,4,20-2
20A3F-Y-T0-5x,20A3F,20,A3,F,Y,T0,5,OL1b,UNKNOWN,25.42555,P91,CDC_collab,4,20-2
20A3F-Y-T0-5x,20A3F,20,A3,F,Y,T0,5,OL1b,UNKNOWN,25.34385,P91,CDC_collab,4,20-2
NA,NA,NA,NA,NA,NA,NA,NA,OL1b,NTC,33.97143,P91,CDC_collab,extraction_control_1234,control
NA,NA,NA,NA,NA,NA,NA,NA,OL1b,NTC,Undetermined,P91,CDC_collab,extraction_control_1234,control
20A3F-N-T21-1x,20A3F,20,A3,F,N,T21,1,OL1b,UNKNOWN,25.07546,P91,CDC_collab,4,20-2
20A3F-N-T21-1x,20A3F,20,A3,F,N,T21,1,OL1b,UNKNOWN,24.95368,P91,CDC_collab,4,20-2
20A3F-N-T21-5x,20A3F,20,A3,F,N,T21,5,OL1b,UNKNOWN,26.63546,P91,CDC_collab,4,20-2
20A3F-N-T21-5x,20A3F,20,A3,F,N,T21,5,OL1b,UNKNOWN,27.66992,P91,CDC_collab,4,20-2
20A3F-Y-T21-1x,20A3F,20,A3,F,Y,T21,1,OL1b,UNKNOWN,22.90374,P91,CDC_collab,4,20-2
20A3F-Y-T21-1x,20A3F,20,A3,F,Y,T21,1,OL1b,UNKNOWN,22.79408,P91,CDC_collab,4,20-2
20A3F-Y-T21-5x,20A3F,20,A3,F,Y,T21,5,OL1b,UNKNOWN,28.23175,P91,CDC_collab,4,20-2
20A3F-Y-T21-5x,20A3F,20,A3,F,Y,T21,5,OL1b,UNKNOWN,25.96221,P91,CDC_collab,4,20-2
20A1F-N-T0-1x,20A1F,20,A1,F,N,T0,1,OL3a,UNKNOWN,22.68509,P92,CDC_collab,3,20-1
20A1F-N-T0-1x,20A1F,20,A1,F,N,T0,1,OL3a,UNKNOWN,22.70068,P92,CDC_collab,3,20-1
20A1F-N-T0-5x,20A1F,20,A1,F,N,T0,5,OL3a,UNKNOWN,25.28064,P92,CDC_collab,3,20-1
20A1F-N-T0-5x,20A1F,20,A1,F,N,T0,5,OL3a,UNKNOWN,25.50582,P92,CDC_collab,3,20-1
20A3F-N-T28-1x,20A3F,20,A3,F,N,T28,1,OL3a,UNKNOWN,24.31798,P92,CDC_collab,4,20-2
20A3F-N-T28-1x,20A3F,20,A3,F,N,T28,1,OL3a,UNKNOWN,24.44757,P92,CDC_collab,4,20-2
20A1F-N-T1-1x,20A1F,20,A1,F,N,T1,1,OL3a,UNKNOWN,24.33934,P92,CDC_collab,3,20-1
20A1F-N-T1-1x,20A1F,20,A1,F,N,T1,1,OL3a,UNKNOWN,24.46641,P92,CDC_collab,3,20-1
20A1F-N-T1-5x,20A1F,20,A1,F,N,T1,5,OL3a,UNKNOWN,27.11734,P92,CDC_collab,3,20-1
20A1F-N-T1-5x,20A1F,20,A1,F,N,T1,5,OL3a,UNKNOWN,28.20546,P92,CDC_collab,3,20-1
20A3F-Y-T28-1x,20A3F,20,A3,F,Y,T28,1,OL3a,UNKNOWN,23.33082,P92,CDC_collab,4,20-2
20A3F-Y-T28-1x,20A3F,20,A3,F,Y,T28,1,OL3a,UNKNOWN,23.92442,P92,CDC_collab,4,20-2
20A1F-N-T7-1x,20A1F,20,A1,F,N,T7,1,OL3a,UNKNOWN,25.65196,P92,CDC_collab,3,20-1
20A1F-N-T7-1x,20A1F,20,A1,F,N,T7,1,OL3a,UNKNOWN,25.91989,P92,CDC_collab,3,20-1
20A1F-N-T7-5x,20A1F,20,A1,F,N,T7,5,OL3a,UNKNOWN,28.92744,P92,CDC_collab,3,20-1
20A1F-N-T7-5x,20A1F,20,A1,F,N,T7,5,OL3a,UNKNOWN,28.43237,P92,CDC_collab,3,20-1
20A3F-N-T28-5x,20A3F,20,A3,F,N,T28,5,OL3a,UNKNOWN,26.49269,P92,CDC_collab,4,20-2
20A3F-N-T28-5x,20A3F,20,A3,F,N,T28,5,OL3a,UNKNOWN,27.22144,P92,CDC_collab,4,20-2
20A3F-N-T0-1x,20A3F,20,A3,F,N,T0,1,OL3a,UNKNOWN,24.59239,P92,CDC_collab,4,20-2
20A3F-N-T0-1x,20A3F,20,A3,F,N,T0,1,OL3a,UNKNOWN,24.22742,P92,CDC_collab,4,20-2
20A3F-N-T0-5x,20A3F,20,A3,F,N,T0,5,OL3a,UNKNOWN,26.37734,P92,CDC_collab,4,20-2
20A3F-N-T0-5x,20A3F,20,A3,F,N,T0,5,OL3a,UNKNOWN,26.19537,P92,CDC_collab,4,20-2
20A3F-Y-T0-1x,20A3F,20,A3,F,Y,T0,1,OL3a,UNKNOWN,22.32764,P92,CDC_collab,4,20-2
20A3F-Y-T0-1x,20A3F,20,A3,F,Y,T0,1,OL3a,UNKNOWN,22.22427,P92,CDC_collab,4,20-2
20A3F-Y-T0-5x,20A3F,20,A3,F,Y,T0,5,OL3a,UNKNOWN,25.63312,P92,CDC_collab,4,20-2
20A3F-Y-T0-5x,20A3F,20,A3,F,Y,T0,5,OL3a,UNKNOWN,25.58834,P92,CDC_collab,4,20-2
20A3F-Y-T28-5x,20A3F,20,A3,F,Y,T28,5,OL3a,UNKNOWN,25.73504,P92,CDC_collab,4,20-2
20A3F-Y-T28-5x,20A3F,20,A3,F,Y,T28,5,OL3a,UNKNOWN,25.60742,P92,CDC_collab,4,20-2
20A3F-N-T1-1x,20A3F,20,A3,F,N,T1,1,OL3a,UNKNOWN,25.25227,P92,CDC_collab,4,20-2
20A3F-N-T1-1x,20A3F,20,A3,F,N,T1,1,OL3a,UNKNOWN,25.22786,P92,CDC_collab,4,20-2
20A3F-N-T1-5x,20A3F,20,A3,F,N,T1,5,OL3a,UNKNOWN,28.05773,P92,CDC_collab,4,20-2
20A3F-N-T1-5x,20A3F,20,A3,F,N,T1,5,OL3a,UNKNOWN,28.35811,P92,CDC_collab,4,20-2
20A3F-Y-T1-1x,20A3F,20,A3,F,Y,T1,1,OL3a,UNKNOWN,22.74261,P92,CDC_collab,4,20-2
20A3F-Y-T1-1x,20A3F,20,A3,F,Y,T1,1,OL3a,UNKNOWN,22.51604,P92,CDC_collab,4,20-2
20A3F-Y-T1-5x,20A3F,20,A3,F,Y,T1,5,OL3a,UNKNOWN,25.81445,P92,CDC_collab,4,20-2
20A3F-Y-T1-5x,20A3F,20,A3,F,Y,T1,5,OL3a,UNKNOWN,25.64985,P92,CDC_collab,4,20-2
20A3F-N-T7-1x,20A3F,20,A3,F,N,T7,1,OL3a,UNKNOWN,26.38862,P92,CDC_collab,4,20-2
20A3F-N-T7-1x,20A3F,20,A3,F,N,T7,1,OL3a,UNKNOWN,26.31332,P92,CDC_collab,4,20-2
20A3F-N-T7-5x,20A3F,20,A3,F,N,T7,5,OL3a,UNKNOWN,28.44848,P92,CDC_collab,4,20-2
20A3F-N-T7-5x,20A3F,20,A3,F,N,T7,5,OL3a,UNKNOWN,29.40604,P92,CDC_collab,4,20-2
20A3F-Y-T7-1x,20A3F,20,A3,F,Y,T7,1,OL3a,UNKNOWN,23.09381,P92,CDC_collab,4,20-2
20A3F-Y-T7-1x,20A3F,20,A3,F,Y,T7,1,OL3a,UNKNOWN,22.8507,P92,CDC_collab,4,20-2
20A3F-Y-T7-5x,20A3F,20,A3,F,Y,T7,5,OL3a,UNKNOWN,26.25341,P92,CDC_collab,4,20-2
20A3F-Y-T7-5x,20A3F,20,A3,F,Y,T7,5,OL3a,UNKNOWN,26.56376,P92,CDC_collab,4,20-2
20A3F-N-T14-1x,20A3F,20,A3,F,N,T14,1,OL3a,UNKNOWN,26.81498,P92,CDC_collab,4,20-2
20A3F-N-T14-1x,20A3F,20,A3,F,N,T14,1,OL3a,UNKNOWN,26.49135,P92,CDC_collab,4,20-2
20A3F-N-T14-5x,20A3F,20,A3,F,N,T14,5,OL3a,UNKNOWN,29.011,P92,CDC_collab,4,20-2
20A3F-N-T14-5x,20A3F,20,A3,F,N,T14,5,OL3a,UNKNOWN,29.53575,P92,CDC_collab,4,20-2
20A3F-Y-T14-1x,20A3F,20,A3,F,Y,T14,1,OL3a,UNKNOWN,23.72437,P92,CDC_collab,4,20-2
20A3F-Y-T14-1x,20A3F,20,A3,F,Y,T14,1,OL3a,UNKNOWN,23.42484,P92,CDC_collab,4,20-2
20A3F-Y-T14-5x,20A3F,20,A3,F,Y,T14,5,OL3a,UNKNOWN,26.12246,P92,CDC_collab,4,20-2
20A3F-Y-T14-5x,20A3F,20,A3,F,Y,T14,5,OL3a,UNKNOWN,26.3482,P92,CDC_collab,4,20-2
NA,NA,NA,NA,NA,NA,NA,NA,OL3a,NTC,38.89718,P92,CDC_collab,extraction_control_1234,control
NA,NA,NA,NA,NA,NA,NA,NA,OL3a,NTC,32.77946,P92,CDC_collab,extraction_control_1234,control
20A3F-N-T21-1x,20A3F,20,A3,F,N,T21,1,OL3a,UNKNOWN,25.79071,P92,CDC_collab,4,20-2
20A3F-N-T21-1x,20A3F,20,A3,F,N,T21,1,OL3a,UNKNOWN,25.53326,P92,CDC_collab,4,20-2
20A3F-N-T21-5x,20A3F,20,A3,F,N,T21,5,OL3a,UNKNOWN,28.6111,P92,CDC_collab,4,20-2
20A3F-N-T21-5x,20A3F,20,A3,F,N,T21,5,OL3a,UNKNOWN,28.01557,P92,CDC_collab,4,20-2
20A3F-Y-T21-1x,20A3F,20,A3,F,Y,T21,1,OL3a,UNKNOWN,23.40628,P92,CDC_collab,4,20-2
20A3F-Y-T21-1x,20A3F,20,A3,F,Y,T21,1,OL3a,UNKNOWN,23.40175,P92,CDC_collab,4,20-2
20A3F-Y-T21-5x,20A3F,20,A3,F,Y,T21,5,OL3a,UNKNOWN,25.57569,P92,CDC_collab,4,20-2
20A3F-Y-T21-5x,20A3F,20,A3,F,Y,T21,5,OL3a,UNKNOWN,25.91353,P92,CDC_collab,4,20-2
20A1F-N-T0-1x,20A1F,20,A1,F,N,T0,1,OL5a,UNKNOWN,22.96999,P93,CDC_collab,3,20-1
20A1F-N-T0-1x,20A1F,20,A1,F,N,T0,1,OL5a,UNKNOWN,23.42289,P93,CDC_collab,3,20-1
20A1F-N-T0-5x,20A1F,20,A1,F,N,T0,5,OL5a,UNKNOWN,25.68602,P93,CDC_collab,3,20-1
20A1F-N-T0-5x,20A1F,20,A1,F,N,T0,5,OL5a,UNKNOWN,25.70141,P93,CDC_collab,3,20-1
20A3F-N-T28-1x,20A3F,20,A3,F,N,T28,1,OL5a,UNKNOWN,24.95198,P93,CDC_collab,4,20-2
20A3F-N-T28-1x,20A3F,20,A3,F,N,T28,1,OL5a,UNKNOWN,24.91264,P93,CDC_collab,4,20-2
20A1F-N-T1-1x,20A1F,20,A1,F,N,T1,1,OL5a,UNKNOWN,24.82096,P93,CDC_collab,3,20-1
20A1F-N-T1-1x,20A1F,20,A1,F,N,T1,1,OL5a,UNKNOWN,24.77012,P93,CDC_collab,3,20-1
20A1F-N-T1-5x,20A1F,20,A1,F,N,T1,5,OL5a,UNKNOWN,27.52927,P93,CDC_collab,3,20-1
20A1F-N-T1-5x,20A1F,20,A1,F,N,T1,5,OL5a,UNKNOWN,28.573,P93,CDC_collab,3,20-1
20A3F-Y-T28-1x,20A3F,20,A3,F,Y,T28,1,OL5a,UNKNOWN,23.80283,P93,CDC_collab,4,20-2
20A3F-Y-T28-1x,20A3F,20,A3,F,Y,T28,1,OL5a,UNKNOWN,23.75542,P93,CDC_collab,4,20-2
20A1F-N-T7-1x,20A1F,20,A1,F,N,T7,1,OL5a,UNKNOWN,25.8651,P93,CDC_collab,3,20-1
20A1F-N-T7-1x,20A1F,20,A1,F,N,T7,1,OL5a,UNKNOWN,25.76264,P93,CDC_collab,3,20-1
20A1F-N-T7-5x,20A1F,20,A1,F,N,T7,5,OL5a,UNKNOWN,29.46879,P93,CDC_collab,3,20-1
20A1F-N-T7-5x,20A1F,20,A1,F,N,T7,5,OL5a,UNKNOWN,28.03657,P93,CDC_collab,3,20-1
20A3F-N-T28-5x,20A3F,20,A3,F,N,T28,5,OL5a,UNKNOWN,27.36139,P93,CDC_collab,4,20-2
20A3F-N-T28-5x,20A3F,20,A3,F,N,T28,5,OL5a,UNKNOWN,28.30845,P93,CDC_collab,4,20-2
20A3F-N-T0-1x,20A3F,20,A3,F,N,T0,1,OL5a,UNKNOWN,24.66566,P93,CDC_collab,4,20-2
20A3F-N-T0-1x,20A3F,20,A3,F,N,T0,1,OL5a,UNKNOWN,24.31191,P93,CDC_collab,4,20-2
20A3F-N-T0-5x,20A3F,20,A3,F,N,T0,5,OL5a,UNKNOWN,26.84863,P93,CDC_collab,4,20-2
20A3F-N-T0-5x,20A3F,20,A3,F,N,T0,5,OL5a,UNKNOWN,27.39787,P93,CDC_collab,4,20-2
20A3F-Y-T0-1x,20A3F,20,A3,F,Y,T0,1,OL5a,UNKNOWN,22.79686,P93,CDC_collab,4,20-2
20A3F-Y-T0-1x,20A3F,20,A3,F,Y,T0,1,OL5a,UNKNOWN,22.90366,P93,CDC_collab,4,20-2
20A3F-Y-T0-5x,20A3F,20,A3,F,Y,T0,5,OL5a,UNKNOWN,25.80844,P93,CDC_collab,4,20-2
20A3F-Y-T0-5x,20A3F,20,A3,F,Y,T0,5,OL5a,UNKNOWN,25.72239,P93,CDC_collab,4,20-2
20A3F-Y-T28-5x,20A3F,20,A3,F,Y,T28,5,OL5a,UNKNOWN,25.96764,P93,CDC_collab,4,20-2
20A3F-Y-T28-5x,20A3F,20,A3,F,Y,T28,5,OL5a,UNKNOWN,26.40513,P93,CDC_collab,4,20-2
20A3F-N-T1-1x,20A3F,20,A3,F,N,T1,1,OL5a,UNKNOWN,25.66973,P93,CDC_collab,4,20-2
20A3F-N-T1-1x,20A3F,20,A3,F,N,T1,1,OL5a,UNKNOWN,25.6591,P93,CDC_collab,4,20-2
20A3F-N-T1-5x,20A3F,20,A3,F,N,T1,5,OL5a,UNKNOWN,28.47448,P93,CDC_collab,4,20-2
20A3F-N-T1-5x,20A3F,20,A3,F,N,T1,5,OL5a,UNKNOWN,27.87162,P93,CDC_collab,4,20-2
20A3F-Y-T1-1x,20A3F,20,A3,F,Y,T1,1,OL5a,UNKNOWN,23.2883,P93,CDC_collab,4,20-2
20A3F-Y-T1-1x,20A3F,20,A3,F,Y,T1,1,OL5a,UNKNOWN,23.26619,P93,CDC_collab,4,20-2
20A3F-Y-T1-5x,20A3F,20,A3,F,Y,T1,5,OL5a,UNKNOWN,26.40072,P93,CDC_collab,4,20-2
20A3F-Y-T1-5x,20A3F,20,A3,F,Y,T1,5,OL5a,UNKNOWN,26.44452,P93,CDC_collab,4,20-2
20A3F-N-T7-1x,20A3F,20,A3,F,N,T7,1,OL5a,UNKNOWN,25.89173,P93,CDC_collab,4,20-2
20A3F-N-T7-1x,20A3F,20,A3,F,N,T7,1,OL5a,UNKNOWN,26.21493,P93,CDC_collab,4,20-2
20A3F-N-T7-5x,20A3F,20,A3,F,N,T7,5,OL5a,UNKNOWN,28.78772,P93,CDC_collab,4,20-2
20A3F-N-T7-5x,20A3F,20,A3,F,N,T7,5,OL5a,UNKNOWN,29.61917,P93,CDC_collab,4,20-2
20A3F-Y-T7-1x,20A3F,20,A3,F,Y,T7,1,OL5a,UNKNOWN,23.5633,P93,CDC_collab,4,20-2
20A3F-Y-T7-1x,20A3F,20,A3,F,Y,T7,1,OL5a,UNKNOWN,23.72562,P93,CDC_collab,4,20-2
20A3F-Y-T7-5x,20A3F,20,A3,F,Y,T7,5,OL5a,UNKNOWN,27.51575,P93,CDC_collab,4,20-2
20A3F-Y-T7-5x,20A3F,20,A3,F,Y,T7,5,OL5a,UNKNOWN,27.79115,P93,CDC_collab,4,20-2
20A3F-N-T14-1x,20A3F,20,A3,F,N,T14,1,OL5a,UNKNOWN,26.94862,P93,CDC_collab,4,20-2
20A3F-N-T14-1x,20A3F,20,A3,F,N,T14,1,OL5a,UNKNOWN,27.25953,P93,CDC_collab,4,20-2
20A3F-N-T14-5x,20A3F,20,A3,F,N,T14,5,OL5a,UNKNOWN,30.26727,P93,CDC_collab,4,20-2
20A3F-N-T14-5x,20A3F,20,A3,F,N,T14,5,OL5a,UNKNOWN,28.83699,P93,CDC_collab,4,20-2
20A3F-Y-T14-1x,20A3F,20,A3,F,Y,T14,1,OL5a,UNKNOWN,24.13485,P93,CDC_collab,4,20-2
20A3F-Y-T14-1x,20A3F,20,A3,F,Y,T14,1,OL5a,UNKNOWN,23.87506,P93,CDC_collab,4,20-2
20A3F-Y-T14-5x,20A3F,20,A3,F,Y,T14,5,OL5a,UNKNOWN,Undetermined,P93,CDC_collab,4,20-2
20A3F-Y-T14-5x,20A3F,20,A3,F,Y,T14,5,OL5a,UNKNOWN,Undetermined,P93,CDC_collab,4,20-2
NA,NA,NA,NA,NA,NA,NA,NA,OL5a,NTC,Undetermined,P93,CDC_collab,extraction_control_1234,control
NA,NA,NA,NA,NA,NA,NA,NA,OL5a,NTC,Undetermined,P93,CDC_collab,extraction_control_1234,control
20A3F-N-T21-1x,20A3F,20,A3,F,N,T21,1,OL5a,UNKNOWN,26.33374,P93,CDC_collab,4,20-2
20A3F-N-T21-1x,20A3F,20,A3,F,N,T21,1,OL5a,UNKNOWN,26.17098,P93,CDC_collab,4,20-2
20A3F-N-T21-5x,20A3F,20,A3,F,N,T21,5,OL5a,UNKNOWN,29.14684,P93,CDC_collab,4,20-2
20A3F-N-T21-5x,20A3F,20,A3,F,N,T21,5,OL5a,UNKNOWN,27.96857,P93,CDC_collab,4,20-2
20A3F-Y-T21-1x,20A3F,20,A3,F,Y,T21,1,OL5a,UNKNOWN,24.51667,P93,CDC_collab,4,20-2
20A3F-Y-T21-1x,20A3F,20,A3,F,Y,T21,1,OL5a,UNKNOWN,23.58817,P93,CDC_collab,4,20-2
20A3F-Y-T21-5x,20A3F,20,A3,F,Y,T21,5,OL5a,UNKNOWN,Undetermined,P93,CDC_collab,4,20-2
20A3F-Y-T21-5x,20A3F,20,A3,F,Y,T21,5,OL5a,UNKNOWN,Undetermined,P93,CDC_collab,4,20-2
20A1F-N-T0-1x,20A1F,20,A1,F,N,T0,1,OL7b,UNKNOWN,24.75047,P94,CDC_collab,3,20-1
20A1F-N-T0-1x,20A1F,20,A1,F,N,T0,1,OL7b,UNKNOWN,24.75298,P94,CDC_collab,3,20-1
20A1F-N-T0-5x,20A1F,20,A1,F,N,T0,5,OL7b,UNKNOWN,27.7588,P94,CDC_collab,3,20-1
20A1F-N-T0-5x,20A1F,20,A1,F,N,T0,5,OL7b,UNKNOWN,28.53042,P94,CDC_collab,3,20-1
20A3F-N-T28-1x,20A3F,20,A3,F,N,T28,1,OL7b,UNKNOWN,25.69863,P94,CDC_collab,4,20-2
20A3F-N-T28-1x,20A3F,20,A3,F,N,T28,1,OL7b,UNKNOWN,25.7011,P94,CDC_collab,4,20-2
20A1F-N-T1-1x,20A1F,20,A1,F,N,T1,1,OL7b,UNKNOWN,28.00141,P94,CDC_collab,3,20-1
20A1F-N-T1-1x,20A1F,20,A1,F,N,T1,1,OL7b,UNKNOWN,26.8595,P94,CDC_collab,3,20-1
20A1F-N-T1-5x,20A1F,20,A1,F,N,T1,5,OL7b,UNKNOWN,30.27287,P94,CDC_collab,3,20-1
20A1F-N-T1-5x,20A1F,20,A1,F,N,T1,5,OL7b,UNKNOWN,29.63377,P94,CDC_collab,3,20-1
20A3F-Y-T28-1x,20A3F,20,A3,F,Y,T28,1,OL7b,UNKNOWN,24.95765,P94,CDC_collab,4,20-2
20A3F-Y-T28-1x,20A3F,20,A3,F,Y,T28,1,OL7b,UNKNOWN,24.99297,P94,CDC_collab,4,20-2
20A1F-N-T7-1x,20A1F,20,A1,F,N,T7,1,OL7b,UNKNOWN,27.76056,P94,CDC_collab,3,20-1
20A1F-N-T7-1x,20A1F,20,A1,F,N,T7,1,OL7b,UNKNOWN,28.30202,P94,CDC_collab,3,20-1
20A1F-N-T7-5x,20A1F,20,A1,F,N,T7,5,OL7b,UNKNOWN,31.14695,P94,CDC_collab,3,20-1
20A1F-N-T7-5x,20A1F,20,A1,F,N,T7,5,OL7b,UNKNOWN,31.15893,P94,CDC_collab,3,20-1
20A3F-N-T28-5x,20A3F,20,A3,F,N,T28,5,OL7b,UNKNOWN,28.40022,P94,CDC_collab,4,20-2
20A3F-N-T28-5x,20A3F,20,A3,F,N,T28,5,OL7b,UNKNOWN,27.89343,P94,CDC_collab,4,20-2
20A3F-N-T0-1x,20A3F,20,A3,F,N,T0,1,OL7b,UNKNOWN,26.47583,P94,CDC_collab,4,20-2
20A3F-N-T0-1x,20A3F,20,A3,F,N,T0,1,OL7b,UNKNOWN,26.48112,P94,CDC_collab,4,20-2
20A3F-N-T0-5x,20A3F,20,A3,F,N,T0,5,OL7b,UNKNOWN,29.26499,P94,CDC_collab,4,20-2
20A3F-N-T0-5x,20A3F,20,A3,F,N,T0,5,OL7b,UNKNOWN,29.73454,P94,CDC_collab,4,20-2
20A3F-Y-T0-1x,20A3F,20,A3,F,Y,T0,1,OL7b,UNKNOWN,24.3345,P94,CDC_collab,4,20-2
20A3F-Y-T0-1x,20A3F,20,A3,F,Y,T0,1,OL7b,UNKNOWN,23.40488,P94,CDC_collab,4,20-2
20A3F-Y-T0-5x,20A3F,20,A3,F,Y,T0,5,OL7b,UNKNOWN,27.86865,P94,CDC_collab,4,20-2
20A3F-Y-T0-5x,20A3F,20,A3,F,Y,T0,5,OL7b,UNKNOWN,27.84523,P94,CDC_collab,4,20-2
20A3F-Y-T28-5x,20A3F,20,A3,F,Y,T28,5,OL7b,UNKNOWN,27.2303,P94,CDC_collab,4,20-2
20A3F-Y-T28-5x,20A3F,20,A3,F,Y,T28,5,OL7b,UNKNOWN,27.3722,P94,CDC_collab,4,20-2
20A3F-N-T1-1x,20A3F,20,A3,F,N,T1,1,OL7b,UNKNOWN,27.24993,P94,CDC_collab,4,20-2
20A3F-N-T1-1x,20A3F,20,A3,F,N,T1,1,OL7b,UNKNOWN,27.63247,P94,CDC_collab,4,20-2
20A3F-N-T1-5x,20A3F,20,A3,F,N,T1,5,OL7b,UNKNOWN,30.53756,P94,CDC_collab,4,20-2
20A3F-N-T1-5x,20A3F,20,A3,F,N,T1,5,OL7b,UNKNOWN,29.97649,P94,CDC_collab,4,20-2
20A3F-Y-T1-1x,20A3F,20,A3,F,Y,T1,1,OL7b,UNKNOWN,24.51319,P94,CDC_collab,4,20-2
20A3F-Y-T1-1x,20A3F,20,A3,F,Y,T1,1,OL7b,UNKNOWN,24.96577,P94,CDC_collab,4,20-2
20A3F-Y-T1-5x,20A3F,20,A3,F,Y,T1,5,OL7b,UNKNOWN,28.09942,P94,CDC_collab,4,20-2
20A3F-Y-T1-5x,20A3F,20,A3,F,Y,T1,5,OL7b,UNKNOWN,27.98024,P94,CDC_collab,4,20-2
20A3F-Y-T7-1x,20A3F,20,A3,F,Y,T7,1,OL7b,UNKNOWN,24.60837,P94,CDC_collab,4,20-2
20A3F-Y-T7-1x,20A3F,20,A3,F,Y,T7,1,OL7b,UNKNOWN,24.77598,P94,CDC_collab,4,20-2
20A3F-N-T7-1x,20A3F,20,A3,F,N,T7,1,OL7b,UNKNOWN,28.33154,P94,CDC_collab,4,20-2
20A3F-N-T7-1x,20A3F,20,A3,F,N,T7,1,OL7b,UNKNOWN,28.56454,P94,CDC_collab,4,20-2
20A3F-N-T7-5x,20A3F,20,A3,F,N,T7,5,OL7b,UNKNOWN,30.85777,P94,CDC_collab,4,20-2
20A3F-N-T7-5x,20A3F,20,A3,F,N,T7,5,OL7b,UNKNOWN,30.70903,P94,CDC_collab,4,20-2
20A3F-Y-T7-5x,20A3F,20,A3,F,Y,T7,5,OL7b,UNKNOWN,29.76701,P94,CDC_collab,4,20-2
20A3F-Y-T7-5x,20A3F,20,A3,F,Y,T7,5,OL7b,UNKNOWN,29.28622,P94,CDC_collab,4,20-2
20A3F-N-T14-1x,20A3F,20,A3,F,N,T14,1,OL7b,UNKNOWN,29.67698,P94,CDC_collab,4,20-2
20A3F-N-T14-1x,20A3F,20,A3,F,N,T14,1,OL7b,UNKNOWN,28.0994,P94,CDC_collab,4,20-2
20A3F-N-T14-5x,20A3F,20,A3,F,N,T14,5,OL7b,UNKNOWN,30.86402,P94,CDC_collab,4,20-2
20A3F-N-T14-5x,20A3F,20,A3,F,N,T14,5,OL7b,UNKNOWN,30.76894,P94,CDC_collab,4,20-2
20A3F-Y-T14-1x,20A3F,20,A3,F,Y,T14,1,OL7b,UNKNOWN,25.31977,P94,CDC_collab,4,20-2
20A3F-Y-T14-1x,20A3F,20,A3,F,Y,T14,1,OL7b,UNKNOWN,25.24009,P94,CDC_collab,4,20-2
20A3F-Y-T14-5x,20A3F,20,A3,F,Y,T14,5,OL7b,UNKNOWN,Undetermined,P94,CDC_collab,4,20-2
20A3F-Y-T14-5x,20A3F,20,A3,F,Y,T14,5,OL7b,UNKNOWN,Undetermined,P94,CDC_collab,4,20-2
NA,NA,NA,NA,NA,NA,NA,NA,OL7b,NTC,37.35888,P94,CDC_collab,extraction_control_1234,control
NA,NA,NA,NA,NA,NA,NA,NA,OL7b,NTC,Undetermined,P94,CDC_collab,extraction_control_1234,control
20A3F-N-T21-1x,20A3F,20,A3,F,N,T21,1,OL7b,UNKNOWN,27.66754,P94,CDC_collab,4,20-2
20A3F-N-T21-1x,20A3F,20,A3,F,N,T21,1,OL7b,UNKNOWN,27.60237,P94,CDC_collab,4,20-2
20A3F-N-T21-5x,20A3F,20,A3,F,N,T21,5,OL7b,UNKNOWN,30.05425,P94,CDC_collab,4,20-2
20A3F-N-T21-5x,20A3F,20,A3,F,N,T21,5,OL7b,UNKNOWN,30.56922,P94,CDC_collab,4,20-2
20A3F-Y-T21-1x,20A3F,20,A3,F,Y,T21,1,OL7b,UNKNOWN,24.94518,P94,CDC_collab,4,20-2
20A3F-Y-T21-1x,20A3F,20,A3,F,Y,T21,1,OL7b,UNKNOWN,24.90586,P94,CDC_collab,4,20-2
20A3F-Y-T21-5x,20A3F,20,A3,F,Y,T21,5,OL7b,UNKNOWN,Undetermined,P94,CDC_collab,4,20-2
20A3F-Y-T21-5x,20A3F,20,A3,F,Y,T21,5,OL7b,UNKNOWN,Undetermined,P94,CDC_collab,4,20-2
20A2F-N-T0-1x,20A2F,20,A2,F,N,T0,1,OL1b,UNKNOWN,24.66718,P95,CDC_collab,3,20-1
20A2F-N-T0-1x,20A2F,20,A2,F,N,T0,1,OL1b,UNKNOWN,24.89222,P95,CDC_collab,3,20-1
20A2F-N-T0-5x,20A2F,20,A2,F,N,T0,5,OL1b,UNKNOWN,27.01721,P95,CDC_collab,3,20-1
20A2F-N-T0-5x,20A2F,20,A2,F,N,T0,5,OL1b,UNKNOWN,27.39954,P95,CDC_collab,3,20-1
20A4F-N-T28-1x,20A4F,20,A4,F,N,T28,1,OL1b,UNKNOWN,24.84033,P95,CDC_collab,4,20-2
20A4F-N-T28-1x,20A4F,20,A4,F,N,T28,1,OL1b,UNKNOWN,26.78707,P95,CDC_collab,4,20-2
20A2F-N-T1-1x,20A2F,20,A2,F,N,T1,1,OL1b,UNKNOWN,27.56583,P95,CDC_collab,3,20-1
20A2F-N-T1-1x,20A2F,20,A2,F,N,T1,1,OL1b,UNKNOWN,26.91676,P95,CDC_collab,3,20-1
20A2F-N-T1-5x,20A2F,20,A2,F,N,T1,5,OL1b,UNKNOWN,29.71221,P95,CDC_collab,3,20-1
20A2F-N-T1-5x,20A2F,20,A2,F,N,T1,5,OL1b,UNKNOWN,29.57087,P95,CDC_collab,3,20-1
20A4F-Y-T28-1x,20A4F,20,A4,F,Y,T28,1,OL1b,UNKNOWN,24.46134,P95,CDC_collab,4,20-2
20A4F-Y-T28-1x,20A4F,20,A4,F,Y,T28,1,OL1b,UNKNOWN,26.21129,P95,CDC_collab,4,20-2
20A2F-N-T7-1x,20A2F,20,A2,F,N,T7,1,OL1b,UNKNOWN,25.16486,P95,CDC_collab,3,20-1
20A2F-N-T7-1x,20A2F,20,A2,F,N,T7,1,OL1b,UNKNOWN,24.80894,P95,CDC_collab,3,20-1
20A2F-N-T7-5x,20A2F,20,A2,F,N,T7,5,OL1b,UNKNOWN,26.78512,P95,CDC_collab,3,20-1
20A2F-N-T7-5x,20A2F,20,A2,F,N,T7,5,OL1b,UNKNOWN,26.77706,P95,CDC_collab,3,20-1
20A4F-N-T28-5x,20A4F,20,A4,F,N,T28,5,OL1b,UNKNOWN,27.65066,P95,CDC_collab,4,20-2
20A4F-N-T28-5x,20A4F,20,A4,F,N,T28,5,OL1b,UNKNOWN,27.52967,P95,CDC_collab,4,20-2
20A4F-N-T0-1x,20A4F,20,A4,F,N,T0,1,OL1b,UNKNOWN,26.54441,P95,CDC_collab,4,20-2
20A4F-N-T0-1x,20A4F,20,A4,F,N,T0,1,OL1b,UNKNOWN,26.4148,P95,CDC_collab,4,20-2
20A4F-N-T0-5x,20A4F,20,A4,F,N,T0,5,OL1b,UNKNOWN,29.00849,P95,CDC_collab,4,20-2
20A4F-N-T0-5x,20A4F,20,A4,F,N,T0,5,OL1b,UNKNOWN,29.30143,P95,CDC_collab,4,20-2
20A4F-Y-T0-1x,20A4F,20,A4,F,Y,T0,1,OL1b,UNKNOWN,23.71338,P95,CDC_collab,4,20-2
20A4F-Y-T0-1x,20A4F,20,A4,F,Y,T0,1,OL1b,UNKNOWN,23.55119,P95,CDC_collab,4,20-2
20A4F-Y-T0-5x,20A4F,20,A4,F,Y,T0,5,OL1b,UNKNOWN,26.61546,P95,CDC_collab,4,20-2
20A4F-Y-T0-5x,20A4F,20,A4,F,Y,T0,5,OL1b,UNKNOWN,26.88902,P95,CDC_collab,4,20-2
20A4F-Y-T28-5x,20A4F,20,A4,F,Y,T28,5,OL1b,UNKNOWN,26.79574,P95,CDC_collab,4,20-2
20A4F-Y-T28-5x,20A4F,20,A4,F,Y,T28,5,OL1b,UNKNOWN,26.34655,P95,CDC_collab,4,20-2
20A4F-N-T1-1x,20A4F,20,A4,F,N,T1,1,OL1b,UNKNOWN,24.96068,P95,CDC_collab,4,20-2
20A4F-N-T1-1x,20A4F,20,A4,F,N,T1,1,OL1b,UNKNOWN,23.73961,P95,CDC_collab,4,20-2
20A4F-N-T1-5x,20A4F,20,A4,F,N,T1,5,OL1b,UNKNOWN,27.46041,P95,CDC_collab,4,20-2
20A4F-N-T1-5x,20A4F,20,A4,F,N,T1,5,OL1b,UNKNOWN,27.91315,P95,CDC_collab,4,20-2
20A4F-Y-T1-1x,20A4F,20,A4,F,Y,T1,1,OL1b,UNKNOWN,28.56007,P95,CDC_collab,4,20-2
20A4F-Y-T1-1x,20A4F,20,A4,F,Y,T1,1,OL1b,UNKNOWN,27.61837,P95,CDC_collab,4,20-2
20A4F-Y-T1-5x,20A4F,20,A4,F,Y,T1,5,OL1b,UNKNOWN,30.56416,P95,CDC_collab,4,20-2
20A4F-Y-T1-5x,20A4F,20,A4,F,Y,T1,5,OL1b,UNKNOWN,32.79725,P95,CDC_collab,4,20-2
20A4F-N-T7-1x,20A4F,20,A4,F,N,T7,1,OL1b,UNKNOWN,26.44608,P95,CDC_collab,4,20-2
20A4F-N-T7-1x,20A4F,20,A4,F,N,T7,1,OL1b,UNKNOWN,26.03133,P95,CDC_collab,4,20-2
20A4F-N-T7-5x,20A4F,20,A4,F,N,T7,5,OL1b,UNKNOWN,28.47862,P95,CDC_collab,4,20-2
20A4F-N-T7-5x,20A4F,20,A4,F,N,T7,5,OL1b,UNKNOWN,29.30561,P95,CDC_collab,4,20-2
20A4F-Y-T7-1x,20A4F,20,A4,F,Y,T7,1,OL1b,UNKNOWN,23.904,P95,CDC_collab,4,20-2
20A4F-Y-T7-1x,20A4F,20,A4,F,Y,T7,1,OL1b,UNKNOWN,23.89946,P95,CDC_collab,4,20-2
20A4F-Y-T7-5x,20A4F,20,A4,F,Y,T7,5,OL1b,UNKNOWN,26.72283,P95,CDC_collab,4,20-2
20A4F-Y-T7-5x,20A4F,20,A4,F,Y,T7,5,OL1b,UNKNOWN,26.73631,P95,CDC_collab,4,20-2
20A4F-N-T14-1x,20A4F,20,A4,F,N,T14,1,OL1b,UNKNOWN,29.73236,P95,CDC_collab,4,20-2
20A4F-N-T14-1x,20A4F,20,A4,F,N,T14,1,OL1b,UNKNOWN,29.5054,P95,CDC_collab,4,20-2
20A4F-N-T14-5x,20A4F,20,A4,F,N,T14,5,OL1b,UNKNOWN,30.31471,P95,CDC_collab,4,20-2
20A4F-N-T14-5x,20A4F,20,A4,F,N,T14,5,OL1b,UNKNOWN,32.2211,P95,CDC_collab,4,20-2
20A4F-Y-T14-1x,20A4F,20,A4,F,Y,T14,1,OL1b,UNKNOWN,24.60265,P95,CDC_collab,4,20-2
20A4F-Y-T14-1x,20A4F,20,A4,F,Y,T14,1,OL1b,UNKNOWN,24.61571,P95,CDC_collab,4,20-2
20A4F-Y-T14-5x,20A4F,20,A4,F,Y,T14,5,OL1b,UNKNOWN,27.20325,P95,CDC_collab,4,20-2
20A4F-Y-T14-5x,20A4F,20,A4,F,Y,T14,5,OL1b,UNKNOWN,27.41499,P95,CDC_collab,4,20-2
NA,NA,NA,NA,NA,NA,NA,NA,OL1b,NTC,36.63793,P95,CDC_collab,extraction_control_1234,control
NA,NA,NA,NA,NA,NA,NA,NA,OL1b,NTC,36.55323,P95,CDC_collab,extraction_control_1234,control
20A4F-N-T21-1x,20A4F,20,A4,F,N,T21,1,OL1b,UNKNOWN,27.02797,P95,CDC_collab,4,20-2
20A4F-N-T21-1x,20A4F,20,A4,F,N,T21,1,OL1b,UNKNOWN,27.1692,P95,CDC_collab,4,20-2
20A4F-N-T21-5x,20A4F,20,A4,F,N,T21,5,OL1b,UNKNOWN,28.98004,P95,CDC_collab,4,20-2
20A4F-N-T21-5x,20A4F,20,A4,F,N,T21,5,OL1b,UNKNOWN,29.0715,P95,CDC_collab,4,20-2
20A4F-Y-T21-1x,20A4F,20,A4,F,Y,T21,1,OL1b,UNKNOWN,24.67358,P95,CDC_collab,4,20-2
20A4F-Y-T21-1x,20A4F,20,A4,F,Y,T21,1,OL1b,UNKNOWN,24.50153,P95,CDC_collab,4,20-2
20A4F-Y-T21-5x,20A4F,20,A4,F,Y,T21,5,OL1b,UNKNOWN,28.17322,P95,CDC_collab,4,20-2
20A4F-Y-T21-5x,20A4F,20,A4,F,Y,T21,5,OL1b,UNKNOWN,27.78427,P95,CDC_collab,4,20-2
20A2F-N-T0-1x,20A2F,20,A2,F,N,T0,1,OL3a,UNKNOWN,24.38023,P96,CDC_collab,3,20-1
20A2F-N-T0-1x,20A2F,20,A2,F,N,T0,1,OL3a,UNKNOWN,24.25732,P96,CDC_collab,3,20-1
20A2F-N-T0-5x,20A2F,20,A2,F,N,T0,5,OL3a,UNKNOWN,27.60892,P96,CDC_collab,3,20-1
20A2F-N-T0-5x,20A2F,20,A2,F,N,T0,5,OL3a,UNKNOWN,27.31075,P96,CDC_collab,3,20-1
20A4F-N-T28-1x,20A4F,20,A4,F,N,T28,1,OL3a,UNKNOWN,25.25549,P96,CDC_collab,4,20-2
20A4F-N-T28-1x,20A4F,20,A4,F,N,T28,1,OL3a,UNKNOWN,25.30202,P96,CDC_collab,4,20-2
20A2F-N-T1-1x,20A2F,20,A2,F,N,T1,1,OL3a,UNKNOWN,26.67691,P96,CDC_collab,3,20-1
20A2F-N-T1-1x,20A2F,20,A2,F,N,T1,1,OL3a,UNKNOWN,26.29454,P96,CDC_collab,3,20-1
20A2F-N-T1-5x,20A2F,20,A2,F,N,T1,5,OL3a,UNKNOWN,29.83085,P96,CDC_collab,3,20-1
20A2F-N-T1-5x,20A2F,20,A2,F,N,T1,5,OL3a,UNKNOWN,28.88068,P96,CDC_collab,3,20-1
20A4F-Y-T28-1x,20A4F,20,A4,F,Y,T28,1,OL3a,UNKNOWN,24.25619,P96,CDC_collab,4,20-2
20A4F-Y-T28-1x,20A4F,20,A4,F,Y,T28,1,OL3a,UNKNOWN,24.1487,P96,CDC_collab,4,20-2
20A2F-N-T7-1x,20A2F,20,A2,F,N,T7,1,OL3a,UNKNOWN,24.23512,P96,CDC_collab,3,20-1
20A2F-N-T7-1x,20A2F,20,A2,F,N,T7,1,OL3a,UNKNOWN,24.53386,P96,CDC_collab,3,20-1
20A2F-N-T7-5x,20A2F,20,A2,F,N,T7,5,OL3a,UNKNOWN,27.43299,P96,CDC_collab,3,20-1
20A2F-N-T7-5x,20A2F,20,A2,F,N,T7,5,OL3a,UNKNOWN,26.84391,P96,CDC_collab,3,20-1
20A4F-N-T28-5x,20A4F,20,A4,F,N,T28,5,OL3a,UNKNOWN,28.3783,P96,CDC_collab,4,20-2
20A4F-N-T28-5x,20A4F,20,A4,F,N,T28,5,OL3a,UNKNOWN,29.03797,P96,CDC_collab,4,20-2
20A4F-N-T0-1x,20A4F,20,A4,F,N,T0,1,OL3a,UNKNOWN,25.84426,P96,CDC_collab,4,20-2
20A4F-N-T0-1x,20A4F,20,A4,F,N,T0,1,OL3a,UNKNOWN,25.96224,P96,CDC_collab,4,20-2
20A4F-N-T0-5x,20A4F,20,A4,F,N,T0,5,OL3a,UNKNOWN,29.20692,P96,CDC_collab,4,20-2
20A4F-N-T0-5x,20A4F,20,A4,F,N,T0,5,OL3a,UNKNOWN,28.93466,P96,CDC_collab,4,20-2
20A4F-Y-T0-1x,20A4F,20,A4,F,Y,T0,1,OL3a,UNKNOWN,23.87515,P96,CDC_collab,4,20-2
20A4F-Y-T0-1x,20A4F,20,A4,F,Y,T0,1,OL3a,UNKNOWN,23.30727,P96,CDC_collab,4,20-2
20A4F-Y-T0-5x,20A4F,20,A4,F,Y,T0,5,OL3a,UNKNOWN,26.6176,P96,CDC_collab,4,20-2
20A4F-Y-T0-5x,20A4F,20,A4,F,Y,T0,5,OL3a,UNKNOWN,26.34554,P96,CDC_collab,4,20-2
20A4F-Y-T28-5x,20A4F,20,A4,F,Y,T28,5,OL3a,UNKNOWN,26.51397,P96,CDC_collab,4,20-2
20A4F-Y-T28-5x,20A4F,20,A4,F,Y,T28,5,OL3a,UNKNOWN,27.58489,P96,CDC_collab,4,20-2
20A4F-N-T1-1x,20A4F,20,A4,F,N,T1,1,OL3a,UNKNOWN,23.40726,P96,CDC_collab,4,20-2
20A4F-N-T1-1x,20A4F,20,A4,F,N,T1,1,OL3a,UNKNOWN,23.36717,P96,CDC_collab,4,20-2
20A4F-N-T1-5x,20A4F,20,A4,F,N,T1,5,OL3a,UNKNOWN,26.46046,P96,CDC_collab,4,20-2
20A4F-N-T1-5x,20A4F,20,A4,F,N,T1,5,OL3a,UNKNOWN,26.8927,P96,CDC_collab,4,20-2
20A4F-Y-T1-1x,20A4F,20,A4,F,Y,T1,1,OL3a,UNKNOWN,28.17436,P96,CDC_collab,4,20-2
20A4F-Y-T1-1x,20A4F,20,A4,F,Y,T1,1,OL3a,UNKNOWN,28.17558,P96,CDC_collab,4,20-2
20A4F-Y-T1-5x,20A4F,20,A4,F,Y,T1,5,OL3a,UNKNOWN,31.83508,P96,CDC_collab,4,20-2
20A4F-Y-T1-5x,20A4F,20,A4,F,Y,T1,5,OL3a,UNKNOWN,32.92695,P96,CDC_collab,4,20-2
20A4F-N-T7-1x,20A4F,20,A4,F,N,T7,1,OL3a,UNKNOWN,26.23737,P96,CDC_collab,4,20-2
20A4F-N-T7-1x,20A4F,20,A4,F,N,T7,1,OL3a,UNKNOWN,25.66138,P96,CDC_collab,4,20-2
20A4F-N-T7-5x,20A4F,20,A4,F,N,T7,5,OL3a,UNKNOWN,28.57309,P96,CDC_collab,4,20-2
20A4F-N-T7-5x,20A4F,20,A4,F,N,T7,5,OL3a,UNKNOWN,28.99765,P96,CDC_collab,4,20-2
20A4F-Y-T7-1x,20A4F,20,A4,F,Y,T7,1,OL3a,UNKNOWN,23.55823,P96,CDC_collab,4,20-2
20A4F-Y-T7-1x,20A4F,20,A4,F,Y,T7,1,OL3a,UNKNOWN,23.66957,P96,CDC_collab,4,20-2
20A4F-Y-T7-5x,20A4F,20,A4,F,Y,T7,5,OL3a,UNKNOWN,26.8763,P96,CDC_collab,4,20-2
20A4F-Y-T7-5x,20A4F,20,A4,F,Y,T7,5,OL3a,UNKNOWN,27.27195,P96,CDC_collab,4,20-2
20A4F-N-T14-1x,20A4F,20,A4,F,N,T14,1,OL3a,UNKNOWN,28.99244,P96,CDC_collab,4,20-2
20A4F-N-T14-1x,20A4F,20,A4,F,N,T14,1,OL3a,UNKNOWN,28.83124,P96,CDC_collab,4,20-2
20A4F-N-T14-5x,20A4F,20,A4,F,N,T14,5,OL3a,UNKNOWN,30.66939,P96,CDC_collab,4,20-2
20A4F-N-T14-5x,20A4F,20,A4,F,N,T14,5,OL3a,UNKNOWN,31.80011,P96,CDC_collab,4,20-2
20A4F-Y-T14-1x,20A4F,20,A4,F,Y,T14,1,OL3a,UNKNOWN,24.13009,P96,CDC_collab,4,20-2
20A4F-Y-T14-1x,20A4F,20,A4,F,Y,T14,1,OL3a,UNKNOWN,24.23293,P96,CDC_collab,4,20-2
20A4F-Y-T14-5x,20A4F,20,A4,F,Y,T14,5,OL3a,UNKNOWN,26.59683,P96,CDC_collab,4,20-2
20A4F-Y-T14-5x,20A4F,20,A4,F,Y,T14,5,OL3a,UNKNOWN,26.60743,P96,CDC_collab,4,20-2
NA,NA,NA,NA,NA,NA,NA,NA,OL3a,NTC,Undetermined,P96,CDC_collab,extraction_control_1234,control
NA,NA,NA,NA,NA,NA,NA,NA,OL3a,NTC,Undetermined,P96,CDC_collab,extraction_control_1234,control
20A4F-N-T21-1x,20A4F,20,A4,F,N,T21,1,OL3a,UNKNOWN,27.1641,P96,CDC_collab,4,20-2
20A4F-N-T21-1x,20A4F,20,A4,F,N,T21,1,OL3a,UNKNOWN,27.55293,P96,CDC_collab,4,20-2
20A4F-N-T21-5x,20A4F,20,A4,F,N,T21,5,OL3a,UNKNOWN,30.25436,P96,CDC_collab,4,20-2
20A4F-N-T21-5x,20A4F,20,A4,F,N,T21,5,OL3a,UNKNOWN,28.60503,P96,CDC_collab,4,20-2
20A4F-Y-T21-1x,20A4F,20,A4,F,Y,T21,1,OL3a,UNKNOWN,24.17896,P96,CDC_collab,4,20-2
20A4F-Y-T21-1x,20A4F,20,A4,F,Y,T21,1,OL3a,UNKNOWN,24.65828,P96,CDC_collab,4,20-2
20A4F-Y-T21-5x,20A4F,20,A4,F,Y,T21,5,OL3a,UNKNOWN,29.04955,P96,CDC_collab,4,20-2
20A4F-Y-T21-5x,20A4F,20,A4,F,Y,T21,5,OL3a,UNKNOWN,28.36449,P96,CDC_collab,4,20-2
20A2F-N-T0-1x,20A2F,20,A2,F,N,T0,1,OL5a,UNKNOWN,25.9453,P97,CDC_collab,3,20-1
20A2F-N-T0-1x,20A2F,20,A2,F,N,T0,1,OL5a,UNKNOWN,26.18485,P97,CDC_collab,3,20-1
20A2F-N-T0-5x,20A2F,20,A2,F,N,T0,5,OL5a,UNKNOWN,28.63378,P97,CDC_collab,3,20-1
20A2F-N-T0-5x,20A2F,20,A2,F,N,T0,5,OL5a,UNKNOWN,28.79495,P97,CDC_collab,3,20-1
20A4F-N-T28-1x,20A4F,20,A4,F,N,T28,1,OL5a,UNKNOWN,25.72614,P97,CDC_collab,4,20-2
20A4F-N-T28-1x,20A4F,20,A4,F,N,T28,1,OL5a,UNKNOWN,25.86777,P97,CDC_collab,4,20-2
20A2F-N-T1-1x,20A2F,20,A2,F,N,T1,1,OL5a,UNKNOWN,27.6365,P97,CDC_collab,3,20-1
20A2F-N-T1-1x,20A2F,20,A2,F,N,T1,1,OL5a,UNKNOWN,27.43418,P97,CDC_collab,3,20-1
20A2F-N-T1-5x,20A2F,20,A2,F,N,T1,5,OL5a,UNKNOWN,30.00433,P97,CDC_collab,3,20-1
20A2F-N-T1-5x,20A2F,20,A2,F,N,T1,5,OL5a,UNKNOWN,31.5801,P97,CDC_collab,3,20-1
20A4F-Y-T28-1x,20A4F,20,A4,F,Y,T28,1,OL5a,UNKNOWN,25.34959,P97,CDC_collab,4,20-2
20A4F-Y-T28-1x,20A4F,20,A4,F,Y,T28,1,OL5a,UNKNOWN,24.96061,P97,CDC_collab,4,20-2
20A2F-N-T7-1x,20A2F,20,A2,F,N,T7,1,OL5a,UNKNOWN,25.96741,P97,CDC_collab,3,20-1
20A2F-N-T7-1x,20A2F,20,A2,F,N,T7,1,OL5a,UNKNOWN,25.81124,P97,CDC_collab,3,20-1
20A2F-N-T7-5x,20A2F,20,A2,F,N,T7,5,OL5a,UNKNOWN,28.43034,P97,CDC_collab,3,20-1
20A2F-N-T7-5x,20A2F,20,A2,F,N,T7,5,OL5a,UNKNOWN,28.70635,P97,CDC_collab,3,20-1
20A4F-N-T28-5x,20A4F,20,A4,F,N,T28,5,OL5a,UNKNOWN,29.00702,P97,CDC_collab,4,20-2
20A4F-N-T28-5x,20A4F,20,A4,F,N,T28,5,OL5a,UNKNOWN,28.61564,P97,CDC_collab,4,20-2
20A4F-N-T0-1x,20A4F,20,A4,F,N,T0,1,OL5a,UNKNOWN,26.77987,P97,CDC_collab,4,20-2
20A4F-N-T0-1x,20A4F,20,A4,F,N,T0,1,OL5a,UNKNOWN,26.88714,P97,CDC_collab,4,20-2
20A4F-N-T0-5x,20A4F,20,A4,F,N,T0,5,OL5a,UNKNOWN,29.40663,P97,CDC_collab,4,20-2
20A4F-N-T0-5x,20A4F,20,A4,F,N,T0,5,OL5a,UNKNOWN,29.71662,P97,CDC_collab,4,20-2
20A4F-Y-T0-1x,20A4F,20,A4,F,Y,T0,1,OL5a,UNKNOWN,24.54322,P97,CDC_collab,4,20-2
20A4F-Y-T0-1x,20A4F,20,A4,F,Y,T0,1,OL5a,UNKNOWN,24.61779,P97,CDC_collab,4,20-2
20A4F-Y-T0-5x,20A4F,20,A4,F,Y,T0,5,OL5a,UNKNOWN,27.73841,P97,CDC_collab,4,20-2
20A4F-Y-T0-5x,20A4F,20,A4,F,Y,T0,5,OL5a,UNKNOWN,28.65797,P97,CDC_collab,4,20-2
20A4F-Y-T28-5x,20A4F,20,A4,F,Y,T28,5,OL5a,UNKNOWN,27.55233,P97,CDC_collab,4,20-2
20A4F-Y-T28-5x,20A4F,20,A4,F,Y,T28,5,OL5a,UNKNOWN,27.54543,P97,CDC_collab,4,20-2
20A4F-N-T1-1x,20A4F,20,A4,F,N,T1,1,OL5a,UNKNOWN,24.41588,P97,CDC_collab,4,20-2
20A4F-N-T1-1x,20A4F,20,A4,F,N,T1,1,OL5a,UNKNOWN,24.46178,P97,CDC_collab,4,20-2
20A4F-N-T1-5x,20A4F,20,A4,F,N,T1,5,OL5a,UNKNOWN,29.77168,P97,CDC_collab,4,20-2
20A4F-N-T1-5x,20A4F,20,A4,F,N,T1,5,OL5a,UNKNOWN,29.83046,P97,CDC_collab,4,20-2
20A4F-Y-T1-1x,20A4F,20,A4,F,Y,T1,1,OL5a,UNKNOWN,28.83487,P97,CDC_collab,4,20-2
20A4F-Y-T1-1x,20A4F,20,A4,F,Y,T1,1,OL5a,UNKNOWN,29.19189,P97,CDC_collab,4,20-2
20A4F-Y-T1-5x,20A4F,20,A4,F,Y,T1,5,OL5a,UNKNOWN,35.23848,P97,CDC_collab,4,20-2
20A4F-Y-T1-5x,20A4F,20,A4,F,Y,T1,5,OL5a,UNKNOWN,30.93493,P97,CDC_collab,4,20-2
20A4F-N-T7-1x,20A4F,20,A4,F,N,T7,1,OL5a,UNKNOWN,27.49736,P97,CDC_collab,4,20-2
20A4F-N-T7-1x,20A4F,20,A4,F,N,T7,1,OL5a,UNKNOWN,26.95256,P97,CDC_collab,4,20-2
20A4F-N-T7-5x,20A4F,20,A4,F,N,T7,5,OL5a,UNKNOWN,29.75565,P97,CDC_collab,4,20-2
20A4F-N-T7-5x,20A4F,20,A4,F,N,T7,5,OL5a,UNKNOWN,30.82899,P97,CDC_collab,4,20-2
20A4F-Y-T7-1x,20A4F,20,A4,F,Y,T7,1,OL5a,UNKNOWN,25.25382,P97,CDC_collab,4,20-2
20A4F-Y-T7-1x,20A4F,20,A4,F,Y,T7,1,OL5a,UNKNOWN,24.62495,P97,CDC_collab,4,20-2
20A4F-Y-T7-5x,20A4F,20,A4,F,Y,T7,5,OL5a,UNKNOWN,27.6505,P97,CDC_collab,4,20-2
20A4F-Y-T7-5x,20A4F,20,A4,F,Y,T7,5,OL5a,UNKNOWN,26.7762,P97,CDC_collab,4,20-2
20A4F-N-T14-1x,20A4F,20,A4,F,N,T14,1,OL5a,UNKNOWN,30.48528,P97,CDC_collab,4,20-2
20A4F-N-T14-1x,20A4F,20,A4,F,N,T14,1,OL5a,UNKNOWN,31.21218,P97,CDC_collab,4,20-2
20A4F-N-T14-5x,20A4F,20,A4,F,N,T14,5,OL5a,UNKNOWN,Undetermined,P97,CDC_collab,4,20-2
20A4F-N-T14-5x,20A4F,20,A4,F,N,T14,5,OL5a,UNKNOWN,34.79434,P97,CDC_collab,4,20-2
20A4F-Y-T14-1x,20A4F,20,A4,F,Y,T14,1,OL5a,UNKNOWN,25.34191,P97,CDC_collab,4,20-2
20A4F-Y-T14-1x,20A4F,20,A4,F,Y,T14,1,OL5a,UNKNOWN,25.13839,P97,CDC_collab,4,20-2
20A4F-Y-T14-5x,20A4F,20,A4,F,Y,T14,5,OL5a,UNKNOWN,28.16117,P97,CDC_collab,4,20-2
20A4F-Y-T14-5x,20A4F,20,A4,F,Y,T14,5,OL5a,UNKNOWN,28.9859,P97,CDC_collab,4,20-2
NA,NA,NA,NA,NA,NA,NA,NA,OL5a,NTC,34.43448,P97,CDC_collab,extraction_control_1234,control
NA,NA,NA,NA,NA,NA,NA,NA,OL5a,NTC,Undetermined,P97,CDC_collab,extraction_control_1234,control
20A4F-N-T21-1x,20A4F,20,A4,F,N,T21,1,OL5a,UNKNOWN,28.78615,P97,CDC_collab,4,20-2
20A4F-N-T21-1x,20A4F,20,A4,F,N,T21,1,OL5a,UNKNOWN,27.89258,P97,CDC_collab,4,20-2
20A4F-N-T21-5x,20A4F,20,A4,F,N,T21,5,OL5a,UNKNOWN,31.82596,P97,CDC_collab,4,20-2
20A4F-N-T21-5x,20A4F,20,A4,F,N,T21,5,OL5a,UNKNOWN,31.01097,P97,CDC_collab,4,20-2
20A4F-Y-T21-1x,20A4F,20,A4,F,Y,T21,1,OL5a,UNKNOWN,25.23621,P97,CDC_collab,4,20-2
20A4F-Y-T21-1x,20A4F,20,A4,F,Y,T21,1,OL5a,UNKNOWN,25.51506,P97,CDC_collab,4,20-2
20A4F-Y-T21-5x,20A4F,20,A4,F,Y,T21,5,OL5a,UNKNOWN,34.22665,P97,CDC_collab,4,20-2
20A4F-Y-T21-5x,20A4F,20,A4,F,Y,T21,5,OL5a,UNKNOWN,33.3062,P97,CDC_collab,4,20-2
20A2F-N-T0-1x,20A2F,20,A2,F,N,T0,1,OL7b,UNKNOWN,26.48437,P98,CDC_collab,3,20-1
20A2F-N-T0-1x,20A2F,20,A2,F,N,T0,1,OL7b,UNKNOWN,26.3633,P98,CDC_collab,3,20-1
20A2F-N-T0-5x,20A2F,20,A2,F,N,T0,5,OL7b,UNKNOWN,29.71642,P98,CDC_collab,3,20-1
20A2F-N-T0-5x,20A2F,20,A2,F,N,T0,5,OL7b,UNKNOWN,29.45825,P98,CDC_collab,3,20-1
20A4F-N-T28-1x,20A4F,20,A4,F,N,T28,1,OL7b,UNKNOWN,26.31896,P98,CDC_collab,4,20-2
20A4F-N-T28-1x,20A4F,20,A4,F,N,T28,1,OL7b,UNKNOWN,26.87258,P98,CDC_collab,4,20-2
20A2F-N-T1-1x,20A2F,20,A2,F,N,T1,1,OL7b,UNKNOWN,28.59851,P98,CDC_collab,3,20-1
20A2F-N-T1-1x,20A2F,20,A2,F,N,T1,1,OL7b,UNKNOWN,27.65897,P98,CDC_collab,3,20-1
20A2F-N-T1-5x,20A2F,20,A2,F,N,T1,5,OL7b,UNKNOWN,31.57371,P98,CDC_collab,3,20-1
20A2F-N-T1-5x,20A2F,20,A2,F,N,T1,5,OL7b,UNKNOWN,33.27226,P98,CDC_collab,3,20-1
20A4F-Y-T28-1x,20A4F,20,A4,F,Y,T28,1,OL7b,UNKNOWN,25.33293,P98,CDC_collab,4,20-2
20A4F-Y-T28-1x,20A4F,20,A4,F,Y,T28,1,OL7b,UNKNOWN,25.90932,P98,CDC_collab,4,20-2
20A2F-N-T7-1x,20A2F,20,A2,F,N,T7,1,OL7b,UNKNOWN,26.63665,P98,CDC_collab,3,20-1
20A2F-N-T7-1x,20A2F,20,A2,F,N,T7,1,OL7b,UNKNOWN,26.33889,P98,CDC_collab,3,20-1
20A2F-N-T7-5x,20A2F,20,A2,F,N,T7,5,OL7b,UNKNOWN,28.6057,P98,CDC_collab,3,20-1
20A2F-N-T7-5x,20A2F,20,A2,F,N,T7,5,OL7b,UNKNOWN,28.36288,P98,CDC_collab,3,20-1
20A4F-N-T28-5x,20A4F,20,A4,F,N,T28,5,OL7b,UNKNOWN,28.7914,P98,CDC_collab,4,20-2
20A4F-N-T28-5x,20A4F,20,A4,F,N,T28,5,OL7b,UNKNOWN,28.69432,P98,CDC_collab,4,20-2
20A4F-N-T0-1x,20A4F,20,A4,F,N,T0,1,OL7b,UNKNOWN,27.48957,P98,CDC_collab,4,20-2
20A4F-N-T0-1x,20A4F,20,A4,F,N,T0,1,OL7b,UNKNOWN,27.78272,P98,CDC_collab,4,20-2
20A4F-N-T0-5x,20A4F,20,A4,F,N,T0,5,OL7b,UNKNOWN,29.78074,P98,CDC_collab,4,20-2
20A4F-N-T0-5x,20A4F,20,A4,F,N,T0,5,OL7b,UNKNOWN,32.14797,P98,CDC_collab,4,20-2
20A4F-Y-T0-1x,20A4F,20,A4,F,Y,T0,1,OL7b,UNKNOWN,24.94806,P98,CDC_collab,4,20-2
20A4F-Y-T0-1x,20A4F,20,A4,F,Y,T0,1,OL7b,UNKNOWN,25.33765,P98,CDC_collab,4,20-2
20A4F-Y-T0-5x,20A4F,20,A4,F,Y,T0,5,OL7b,UNKNOWN,27.73335,P98,CDC_collab,4,20-2
20A4F-Y-T0-5x,20A4F,20,A4,F,Y,T0,5,OL7b,UNKNOWN,26.25265,P98,CDC_collab,4,20-2
20A4F-Y-T28-5x,20A4F,20,A4,F,Y,T28,5,OL7b,UNKNOWN,28.4746,P98,CDC_collab,4,20-2
20A4F-Y-T28-5x,20A4F,20,A4,F,Y,T28,5,OL7b,UNKNOWN,26.89791,P98,CDC_collab,4,20-2
20A4F-N-T1-1x,20A4F,20,A4,F,N,T1,1,OL7b,UNKNOWN,25.03278,P98,CDC_collab,4,20-2
20A4F-N-T1-1x,20A4F,20,A4,F,N,T1,1,OL7b,UNKNOWN,25.09012,P98,CDC_collab,4,20-2
20A4F-N-T1-5x,20A4F,20,A4,F,N,T1,5,OL7b,UNKNOWN,28.23524,P98,CDC_collab,4,20-2
20A4F-N-T1-5x,20A4F,20,A4,F,N,T1,5,OL7b,UNKNOWN,28.77424,P98,CDC_collab,4,20-2
20A4F-Y-T1-1x,20A4F,20,A4,F,Y,T1,1,OL7b,UNKNOWN,29.71872,P98,CDC_collab,4,20-2
20A4F-Y-T1-1x,20A4F,20,A4,F,Y,T1,1,OL7b,UNKNOWN,29.62292,P98,CDC_collab,4,20-2
20A4F-Y-T1-5x,20A4F,20,A4,F,Y,T1,5,OL7b,UNKNOWN,34.56825,P98,CDC_collab,4,20-2
20A4F-Y-T1-5x,20A4F,20,A4,F,Y,T1,5,OL7b,UNKNOWN,34.30986,P98,CDC_collab,4,20-2
20A4F-N-T7-1x,20A4F,20,A4,F,N,T7,1,OL7b,UNKNOWN,27.44856,P98,CDC_collab,4,20-2
20A4F-N-T7-1x,20A4F,20,A4,F,N,T7,1,OL7b,UNKNOWN,27.63804,P98,CDC_collab,4,20-2
20A4F-N-T7-5x,20A4F,20,A4,F,N,T7,5,OL7b,UNKNOWN,29.43497,P98,CDC_collab,4,20-2
20A4F-N-T7-5x,20A4F,20,A4,F,N,T7,5,OL7b,UNKNOWN,29.87439,P98,CDC_collab,4,20-2
20A4F-Y-T7-1x,20A4F,20,A4,F,Y,T7,1,OL7b,UNKNOWN,25.09867,P98,CDC_collab,4,20-2
20A4F-Y-T7-1x,20A4F,20,A4,F,Y,T7,1,OL7b,UNKNOWN,25.64372,P98,CDC_collab,4,20-2
20A4F-Y-T7-5x,20A4F,20,A4,F,Y,T7,5,OL7b,UNKNOWN,28.04782,P98,CDC_collab,4,20-2
20A4F-Y-T7-5x,20A4F,20,A4,F,Y,T7,5,OL7b,UNKNOWN,27.7049,P98,CDC_collab,4,20-2
20A4F-N-T14-1x,20A4F,20,A4,F,N,T14,1,OL7b,UNKNOWN,30.4626,P98,CDC_collab,4,20-2
20A4F-N-T14-1x,20A4F,20,A4,F,N,T14,1,OL7b,UNKNOWN,31.28605,P98,CDC_collab,4,20-2
20A4F-N-T14-5x,20A4F,20,A4,F,N,T14,5,OL7b,UNKNOWN,31.37987,P98,CDC_collab,4,20-2
20A4F-N-T14-5x,20A4F,20,A4,F,N,T14,5,OL7b,UNKNOWN,32.06818,P98,CDC_collab,4,20-2
20A4F-Y-T14-1x,20A4F,20,A4,F,Y,T14,1,OL7b,UNKNOWN,25.51509,P98,CDC_collab,4,20-2
20A4F-Y-T14-1x,20A4F,20,A4,F,Y,T14,1,OL7b,UNKNOWN,25.94932,P98,CDC_collab,4,20-2
20A4F-Y-T14-5x,20A4F,20,A4,F,Y,T14,5,OL7b,UNKNOWN,28.70621,P98,CDC_collab,4,20-2
20A4F-Y-T14-5x,20A4F,20,A4,F,Y,T14,5,OL7b,UNKNOWN,28.83081,P98,CDC_collab,4,20-2
NA,NA,NA,NA,NA,NA,NA,NA,OL7b,NTC,Undetermined,P98,CDC_collab,extraction_control_1234,control
NA,NA,NA,NA,NA,NA,NA,NA,OL7b,NTC,Undetermined,P98,CDC_collab,extraction_control_1234,control
20A4F-N-T21-1x,20A4F,20,A4,F,N,T21,1,OL7b,UNKNOWN,28.39592,P98,CDC_collab,4,20-2
20A4F-N-T21-1x,20A4F,20,A4,F,N,T21,1,OL7b,UNKNOWN,28.82415,P98,CDC_collab,4,20-2
20A4F-N-T21-5x,20A4F,20,A4,F,N,T21,5,OL7b,UNKNOWN,31.54113,P98,CDC_collab,4,20-2
20A4F-N-T21-5x,20A4F,20,A4,F,N,T21,5,OL7b,UNKNOWN,31.27498,P98,CDC_collab,4,20-2
20A4F-Y-T21-1x,20A4F,20,A4,F,Y,T21,1,OL7b,UNKNOWN,25.56552,P98,CDC_collab,4,20-2
20A4F-Y-T21-1x,20A4F,20,A4,F,Y,T21,1,OL7b,UNKNOWN,26.8087,P98,CDC_collab,4,20-2
20A4F-Y-T21-5x,20A4F,20,A4,F,Y,T21,5,OL7b,UNKNOWN,29.99479,P98,CDC_collab,4,20-2
20A4F-Y-T21-5x,20A4F,20,A4,F,Y,T21,5,OL7b,UNKNOWN,28.97207,P98,CDC_collab,4,20-2
NA,NA,NA,NA,NA,NA,NA,NA,OL5a,NTC,36.39722,P99,CDC_collab,extraction_control_1234,control
NA,NA,NA,NA,NA,NA,NA,NA,OL5a,NTC,Undetermined,P99,CDC_collab,extraction_control_1234,control
NA,NA,NA,NA,NA,NA,NA,NA,OL5a,NTC,Undetermined,P100,CDC_collab,extraction_control_1234,control
NA,NA,NA,NA,NA,NA,NA,NA,OL5a,NTC,Undetermined,P100,CDC_collab,extraction_control_1234,control
NA,NA,NA,NA,NA,NA,NA,NA,OL7b,NTC,Undetermined,P99,CDC_collab,extraction_control_1234,control
NA,NA,NA,NA,NA,NA,NA,NA,OL7b,NTC,Undetermined,P99,CDC_collab,extraction_control_1234,control
NA,NA,NA,NA,NA,NA,NA,NA,OL7b,NTC,Undetermined,P100,CDC_collab,extraction_control_1234,control
NA,NA,NA,NA,NA,NA,NA,NA,OL7b,NTC,Undetermined,P100,CDC_collab,extraction_control_1234,control
NA,NA,NA,NA,NA,NA,NA,NA,ORF,NTC,Undetermined,P89,CDC_collab,extraction_control_1234,control
NA,NA,NA,NA,NA,NA,NA,NA,ORF,NTC,Undetermined,P89,CDC_collab,extraction_control_1234,control